CourseID,Year,Month,MonthlyEnrollments,MonthlyRevenue,CourseName,CourseCategory,CourseType,CourseLevel,CoursePrice,CourseDuration,CourseRating,TeacherID,TeacherName,Expertise,YearsOfExperience,TeacherRating,PriceBand,DurationBucket,RatingTier,ExperienceBucket,Quarter,Season,PastEnrollmentCount,AverageRevenue,RevenuePerEnrollment,AverageMonthlyRevenue,AverageMonthlyEnrollment
CR00001,2025,1,18,8501.039999999999,Python Basics,Programming,Paid,Beginner,472.28,11.0,4.74,TC00040,Kimberly Miller,Cybersecurity,24,4.58,High,Short,Excellent,10+,1,Winter,0,0.0,0.0,0.0,0.0
CR00001,2025,2,11,5195.08,Python Basics,Programming,Paid,Beginner,472.28,11.0,4.74,TC00031,Brenda Mercer,Cybersecurity,1,1.86,High,Short,Excellent,0-2 years,1,Winter,18,8501.039999999999,472.28,8501.039999999999,18.0
CR00001,2025,3,8,3778.24,Python Basics,Programming,Paid,Beginner,472.28,11.0,4.74,TC00042,Yolanda Levine,Machine Learning,21,4.97,High,Short,Excellent,10+,1,Spring,29,6848.06,472.28000000000003,6848.0599999999995,14.5
CR00001,2025,4,14,6611.92,Python Basics,Programming,Paid,Beginner,472.28,11.0,4.74,TC00040,Kimberly Miller,Cybersecurity,24,4.58,High,Short,Excellent,10+,2,Spring,37,5824.786666666667,472.28000000000003,5824.786666666667,12.333333333333334
CR00001,2025,5,17,8028.759999999999,Python Basics,Programming,Paid,Beginner,472.28,11.0,4.74,TC00042,Yolanda Levine,Machine Learning,21,4.97,High,Short,Excellent,10+,2,Spring,51,6021.57,472.28,5195.08,11.0
CR00001,2025,6,11,5195.08,Python Basics,Programming,Paid,Beginner,472.28,11.0,4.74,TC00040,Kimberly Miller,Cybersecurity,24,4.58,High,Short,Excellent,10+,2,Summer,68,6423.007999999999,472.2799999999999,6139.639999999999,13.0
CR00001,2025,7,12,5667.36,Python Basics,Programming,Paid,Beginner,472.28,11.0,4.74,TC00042,Yolanda Levine,Machine Learning,21,4.97,High,Short,Excellent,10+,3,Summer,79,6218.353333333333,472.2799999999999,6611.919999999999,14.0
CR00001,2025,8,12,5667.36,Python Basics,Programming,Paid,Beginner,472.28,11.0,4.74,TC00040,Kimberly Miller,Cybersecurity,24,4.58,High,Short,Excellent,10+,3,Summer,91,6139.639999999999,472.28,6297.066666666666,13.333333333333334
CR00001,2025,9,23,10862.439999999999,Python Basics,Programming,Paid,Beginner,472.28,11.0,4.74,TC00040,Kimberly Miller,Cybersecurity,24,4.58,High,Short,Excellent,10+,3,Autumn,103,6080.605,472.28,5509.933333333333,11.666666666666666
CR00001,2025,10,13,6139.639999999999,Python Basics,Programming,Paid,Beginner,472.28,11.0,4.74,TC00042,Yolanda Levine,Machine Learning,21,4.97,High,Short,Excellent,10+,4,Autumn,126,6611.92,472.28,7399.053333333332,15.666666666666666
CR00001,2025,11,13,6139.639999999999,Python Basics,Programming,Paid,Beginner,472.28,11.0,4.74,TC00040,Kimberly Miller,Cybersecurity,24,4.58,High,Short,Excellent,10+,4,Autumn,139,6564.692,472.28,7556.479999999999,16.0
CR00001,2025,12,12,5667.36,Python Basics,Programming,Paid,Beginner,472.28,11.0,4.74,TC00040,Kimberly Miller,Cybersecurity,24,4.58,High,Short,Excellent,10+,4,Winter,152,6526.050909090909,472.28,7713.906666666666,16.333333333333332
CR00002,2025,1,11,0.0,Java Programming,Programming,Free,Intermediate,0.0,37.7,2.43,TC00040,Kimberly Miller,Cybersecurity,24,4.58,Free,Long,Average,10+,1,Winter,0,0.0,0.0,6139.639999999999,13.0
CR00002,2025,2,10,0.0,Java Programming,Programming,Free,Intermediate,0.0,37.7,2.43,TC00042,Yolanda Levine,Machine Learning,21,4.97,Free,Long,Average,10+,1,Winter,11,0.0,0.0,3069.8199999999997,12.0
CR00002,2025,3,15,0.0,Java Programming,Programming,Free,Intermediate,0.0,37.7,2.43,TC00042,Yolanda Levine,Machine Learning,21,4.97,Free,Long,Average,10+,1,Spring,21,0.0,0.0,0.0,10.5
CR00002,2025,4,20,0.0,Java Programming,Programming,Free,Intermediate,0.0,37.7,2.43,TC00040,Kimberly Miller,Cybersecurity,24,4.58,Free,Long,Average,10+,2,Spring,36,0.0,0.0,0.0,12.0
CR00002,2025,5,17,0.0,Java Programming,Programming,Free,Intermediate,0.0,37.7,2.43,TC00042,Yolanda Levine,Machine Learning,21,4.97,Free,Long,Average,10+,2,Spring,56,0.0,0.0,0.0,15.0
CR00002,2025,6,12,0.0,Java Programming,Programming,Free,Intermediate,0.0,37.7,2.43,TC00042,Yolanda Levine,Machine Learning,21,4.97,Free,Long,Average,10+,2,Summer,73,0.0,0.0,0.0,17.333333333333332
CR00002,2025,7,9,0.0,Java Programming,Programming,Free,Intermediate,0.0,37.7,2.43,TC00042,Yolanda Levine,Machine Learning,21,4.97,Free,Long,Average,10+,3,Summer,85,0.0,0.0,0.0,16.333333333333332
CR00002,2025,8,17,0.0,Java Programming,Programming,Free,Intermediate,0.0,37.7,2.43,TC00042,Yolanda Levine,Machine Learning,21,4.97,Free,Long,Average,10+,3,Summer,94,0.0,0.0,0.0,12.666666666666666
CR00002,2025,9,5,0.0,Java Programming,Programming,Free,Intermediate,0.0,37.7,2.43,TC00042,Yolanda Levine,Machine Learning,21,4.97,Free,Long,Average,10+,3,Autumn,111,0.0,0.0,0.0,12.666666666666666
CR00002,2025,10,9,0.0,Java Programming,Programming,Free,Intermediate,0.0,37.7,2.43,TC00040,Kimberly Miller,Cybersecurity,24,4.58,Free,Long,Average,10+,4,Autumn,116,0.0,0.0,0.0,10.333333333333334
CR00002,2025,11,11,0.0,Java Programming,Programming,Free,Intermediate,0.0,37.7,2.43,TC00042,Yolanda Levine,Machine Learning,21,4.97,Free,Long,Average,10+,4,Autumn,125,0.0,0.0,0.0,10.333333333333334
CR00002,2025,12,13,0.0,Java Programming,Programming,Free,Intermediate,0.0,37.7,2.43,TC00042,Yolanda Levine,Machine Learning,21,4.97,Free,Long,Average,10+,4,Winter,136,0.0,0.0,0.0,8.333333333333334
CR00003,2025,1,12,0.0,C++ for Beginners,Programming,Free,Beginner,0.0,19.53,3.85,TC00042,Yolanda Levine,Machine Learning,21,4.97,Free,Medium,Average,10+,1,Winter,0,0.0,0.0,0.0,10.0
CR00003,2025,2,10,0.0,C++ for Beginners,Programming,Free,Beginner,0.0,19.53,3.85,TC00042,Yolanda Levine,Machine Learning,21,4.97,Free,Medium,Average,10+,1,Winter,12,0.0,0.0,0.0,11.5
CR00003,2025,3,10,0.0,C++ for Beginners,Programming,Free,Beginner,0.0,19.53,3.85,TC00040,Kimberly Miller,Cybersecurity,24,4.58,Free,Medium,Average,10+,1,Spring,22,0.0,0.0,0.0,11.0
CR00003,2025,4,14,0.0,C++ for Beginners,Programming,Free,Beginner,0.0,19.53,3.85,TC00040,Kimberly Miller,Cybersecurity,24,4.58,Free,Medium,Average,10+,2,Spring,32,0.0,0.0,0.0,10.666666666666666
CR00003,2025,5,13,0.0,C++ for Beginners,Programming,Free,Beginner,0.0,19.53,3.85,TC00040,Kimberly Miller,Cybersecurity,24,4.58,Free,Medium,Average,10+,2,Spring,46,0.0,0.0,0.0,11.333333333333334
CR00003,2025,6,16,0.0,C++ for Beginners,Programming,Free,Beginner,0.0,19.53,3.85,TC00040,Kimberly Miller,Cybersecurity,24,4.58,Free,Medium,Average,10+,2,Summer,59,0.0,0.0,0.0,12.333333333333334
CR00003,2025,7,17,0.0,C++ for Beginners,Programming,Free,Beginner,0.0,19.53,3.85,TC00040,Kimberly Miller,Cybersecurity,24,4.58,Free,Medium,Average,10+,3,Summer,75,0.0,0.0,0.0,14.333333333333334
CR00003,2025,8,16,0.0,C++ for Beginners,Programming,Free,Beginner,0.0,19.53,3.85,TC00040,Kimberly Miller,Cybersecurity,24,4.58,Free,Medium,Average,10+,3,Summer,92,0.0,0.0,0.0,15.333333333333334
CR00003,2025,9,14,0.0,C++ for Beginners,Programming,Free,Beginner,0.0,19.53,3.85,TC00040,Kimberly Miller,Cybersecurity,24,4.58,Free,Medium,Average,10+,3,Autumn,108,0.0,0.0,0.0,16.333333333333332
CR00003,2025,10,15,0.0,C++ for Beginners,Programming,Free,Beginner,0.0,19.53,3.85,TC00040,Kimberly Miller,Cybersecurity,24,4.58,Free,Medium,Average,10+,4,Autumn,122,0.0,0.0,0.0,15.666666666666666
CR00003,2025,11,23,0.0,C++ for Beginners,Programming,Free,Beginner,0.0,19.53,3.85,TC00042,Yolanda Levine,Machine Learning,21,4.97,Free,Medium,Average,10+,4,Autumn,137,0.0,0.0,0.0,15.0
CR00003,2025,12,13,0.0,C++ for Beginners,Programming,Free,Beginner,0.0,19.53,3.85,TC00040,Kimberly Miller,Cybersecurity,24,4.58,Free,Medium,Average,10+,4,Winter,160,0.0,0.0,0.0,17.333333333333332
CR00004,2025,1,20,0.0,Advanced Python,Programming,Free,Beginner,0.0,45.13,2.88,TC00042,Yolanda Levine,Machine Learning,21,4.97,Free,Long,Average,10+,1,Winter,0,0.0,0.0,0.0,19.0
CR00004,2025,2,12,0.0,Advanced Python,Programming,Free,Beginner,0.0,45.13,2.88,TC00040,Kimberly Miller,Cybersecurity,24,4.58,Free,Long,Average,10+,1,Winter,20,0.0,0.0,0.0,21.5
CR00004,2025,3,10,0.0,Advanced Python,Programming,Free,Beginner,0.0,45.13,2.88,TC00040,Kimberly Miller,Cybersecurity,24,4.58,Free,Long,Average,10+,1,Spring,32,0.0,0.0,0.0,16.0
CR00004,2025,4,7,0.0,Advanced Python,Programming,Free,Beginner,0.0,45.13,2.88,TC00042,Yolanda Levine,Machine Learning,21,4.97,Free,Long,Average,10+,2,Spring,42,0.0,0.0,0.0,14.0
CR00004,2025,5,11,0.0,Advanced Python,Programming,Free,Beginner,0.0,45.13,2.88,TC00040,Kimberly Miller,Cybersecurity,24,4.58,Free,Long,Average,10+,2,Spring,49,0.0,0.0,0.0,9.666666666666666
CR00004,2025,6,11,0.0,Advanced Python,Programming,Free,Beginner,0.0,45.13,2.88,TC00040,Kimberly Miller,Cybersecurity,24,4.58,Free,Long,Average,10+,2,Summer,60,0.0,0.0,0.0,9.333333333333334
CR00004,2025,7,21,0.0,Advanced Python,Programming,Free,Beginner,0.0,45.13,2.88,TC00042,Yolanda Levine,Machine Learning,21,4.97,Free,Long,Average,10+,3,Summer,71,0.0,0.0,0.0,9.666666666666666
CR00004,2025,8,9,0.0,Advanced Python,Programming,Free,Beginner,0.0,45.13,2.88,TC00042,Yolanda Levine,Machine Learning,21,4.97,Free,Long,Average,10+,3,Summer,92,0.0,0.0,0.0,14.333333333333334
CR00004,2025,9,15,0.0,Advanced Python,Programming,Free,Beginner,0.0,45.13,2.88,TC00040,Kimberly Miller,Cybersecurity,24,4.58,Free,Long,Average,10+,3,Autumn,101,0.0,0.0,0.0,13.666666666666666
CR00004,2025,10,13,0.0,Advanced Python,Programming,Free,Beginner,0.0,45.13,2.88,TC00042,Yolanda Levine,Machine Learning,21,4.97,Free,Long,Average,10+,4,Autumn,116,0.0,0.0,0.0,15.0
CR00004,2025,11,15,0.0,Advanced Python,Programming,Free,Beginner,0.0,45.13,2.88,TC00040,Kimberly Miller,Cybersecurity,24,4.58,Free,Long,Average,10+,4,Autumn,129,0.0,0.0,0.0,12.333333333333334
CR00004,2025,12,10,0.0,Advanced Python,Programming,Free,Beginner,0.0,45.13,2.88,TC00040,Kimberly Miller,Cybersecurity,24,4.58,Free,Long,Average,10+,4,Winter,144,0.0,0.0,0.0,14.333333333333334
CR00005,2025,1,11,0.0,Full Stack Development,Programming,Free,Beginner,0.0,28.68,1.28,TC00040,Kimberly Miller,Cybersecurity,24,4.58,Free,Medium,Average,10+,1,Winter,0,0.0,0.0,0.0,14.0
CR00005,2025,2,15,0.0,Full Stack Development,Programming,Free,Beginner,0.0,28.68,1.28,TC00040,Kimberly Miller,Cybersecurity,24,4.58,Free,Medium,Average,10+,1,Winter,11,0.0,0.0,0.0,13.0
CR00005,2025,3,20,0.0,Full Stack Development,Programming,Free,Beginner,0.0,28.68,1.28,TC00042,Yolanda Levine,Machine Learning,21,4.97,Free,Medium,Average,10+,1,Spring,26,0.0,0.0,0.0,13.0
CR00005,2025,4,10,0.0,Full Stack Development,Programming,Free,Beginner,0.0,28.68,1.28,TC00042,Yolanda Levine,Machine Learning,21,4.97,Free,Medium,Average,10+,2,Spring,46,0.0,0.0,0.0,15.333333333333334
CR00005,2025,5,18,0.0,Full Stack Development,Programming,Free,Beginner,0.0,28.68,1.28,TC00042,Yolanda Levine,Machine Learning,21,4.97,Free,Medium,Average,10+,2,Spring,56,0.0,0.0,0.0,15.0
CR00005,2025,6,16,0.0,Full Stack Development,Programming,Free,Beginner,0.0,28.68,1.28,TC00040,Kimberly Miller,Cybersecurity,24,4.58,Free,Medium,Average,10+,2,Summer,74,0.0,0.0,0.0,16.0
CR00005,2025,7,14,0.0,Full Stack Development,Programming,Free,Beginner,0.0,28.68,1.28,TC00042,Yolanda Levine,Machine Learning,21,4.97,Free,Medium,Average,10+,3,Summer,90,0.0,0.0,0.0,14.666666666666666
CR00005,2025,8,11,0.0,Full Stack Development,Programming,Free,Beginner,0.0,28.68,1.28,TC00042,Yolanda Levine,Machine Learning,21,4.97,Free,Medium,Average,10+,3,Summer,104,0.0,0.0,0.0,16.0
CR00005,2025,9,14,0.0,Full Stack Development,Programming,Free,Beginner,0.0,28.68,1.28,TC00040,Kimberly Miller,Cybersecurity,24,4.58,Free,Medium,Average,10+,3,Autumn,115,0.0,0.0,0.0,13.666666666666666
CR00005,2025,10,13,0.0,Full Stack Development,Programming,Free,Beginner,0.0,28.68,1.28,TC00040,Kimberly Miller,Cybersecurity,24,4.58,Free,Medium,Average,10+,4,Autumn,129,0.0,0.0,0.0,13.0
CR00005,2025,11,11,0.0,Full Stack Development,Programming,Free,Beginner,0.0,28.68,1.28,TC00040,Kimberly Miller,Cybersecurity,24,4.58,Free,Medium,Average,10+,4,Autumn,142,0.0,0.0,0.0,12.666666666666666
CR00005,2025,12,13,0.0,Full Stack Development,Programming,Free,Beginner,0.0,28.68,1.28,TC00042,Yolanda Levine,Machine Learning,21,4.97,Free,Medium,Average,10+,4,Winter,153,0.0,0.0,0.0,12.666666666666666
CR00006,2025,1,11,3040.07,Graphic Design Basics,Design,Paid,Advanced,276.37,48.84,2.72,TC00042,Yolanda Levine,Machine Learning,21,4.97,Medium,Long,Average,10+,1,Winter,0,0.0,0.0,0.0,12.0
CR00006,2025,2,14,3869.1800000000003,Graphic Design Basics,Design,Paid,Advanced,276.37,48.84,2.72,TC00042,Yolanda Levine,Machine Learning,21,4.97,Medium,Long,Average,10+,1,Winter,11,3040.0699999999997,276.36999999999995,1520.035,11.0
CR00006,2025,3,16,4421.92,Graphic Design Basics,Design,Paid,Advanced,276.37,48.84,2.72,TC00042,Yolanda Levine,Machine Learning,21,4.97,Medium,Long,Average,10+,1,Spring,25,3454.625,276.37,3454.625,12.5
CR00006,2025,4,13,3592.81,Graphic Design Basics,Design,Paid,Advanced,276.37,48.84,2.72,TC00040,Kimberly Miller,Cybersecurity,24,4.58,Medium,Long,Average,10+,2,Spring,41,3777.056666666667,276.37,3777.056666666667,13.666666666666666
CR00006,2025,5,17,4698.29,Graphic Design Basics,Design,Paid,Advanced,276.37,48.84,2.72,TC00040,Kimberly Miller,Cybersecurity,24,4.58,Medium,Long,Average,10+,2,Spring,54,3730.995,276.37,3961.3033333333333,14.333333333333334
CR00006,2025,6,13,3592.81,Graphic Design Basics,Design,Paid,Advanced,276.37,48.84,2.72,TC00042,Yolanda Levine,Machine Learning,21,4.97,Medium,Long,Average,10+,2,Summer,71,3924.454,276.37,4237.673333333333,15.333333333333334
CR00006,2025,7,8,2210.96,Graphic Design Basics,Design,Paid,Advanced,276.37,48.84,2.72,TC00042,Yolanda Levine,Machine Learning,21,4.97,Medium,Long,Average,10+,3,Summer,84,3869.1800000000003,276.37,3961.3033333333333,14.333333333333334
CR00006,2025,8,15,4145.55,Graphic Design Basics,Design,Paid,Advanced,276.37,48.84,2.72,TC00052,Susan Johnson,Business,12,3.43,Medium,Long,Average,10+,3,Summer,92,3632.2914285714287,276.37,3500.686666666667,12.666666666666666
CR00006,2025,9,10,2763.7,Graphic Design Basics,Design,Paid,Advanced,276.37,48.84,2.72,TC00042,Yolanda Levine,Machine Learning,21,4.97,Medium,Long,Average,10+,3,Autumn,107,3696.44875,276.37,3316.44,12.0
CR00006,2025,10,13,3592.81,Graphic Design Basics,Design,Paid,Advanced,276.37,48.84,2.72,TC00040,Kimberly Miller,Cybersecurity,24,4.58,Medium,Long,Average,10+,4,Autumn,117,3592.8099999999995,276.37,3040.0699999999997,11.0
CR00006,2025,11,14,3869.1800000000003,Graphic Design Basics,Design,Paid,Advanced,276.37,48.84,2.72,TC00042,Yolanda Levine,Machine Learning,21,4.97,Medium,Long,Average,10+,4,Autumn,130,3592.81,276.37,3500.6866666666665,12.666666666666666
CR00006,2025,12,12,3316.44,Graphic Design Basics,Design,Paid,Advanced,276.37,48.84,2.72,TC00042,Yolanda Levine,Machine Learning,21,4.97,Medium,Long,Average,10+,4,Winter,144,3617.9345454545455,276.37,3408.5633333333335,12.333333333333334
CR00007,2025,1,10,0.0,UI/UX Design,Design,Free,Advanced,0.0,48.68,2.61,TC00047,Brad Griffin,Design,4,1.79,Free,Long,Average,3-5 years,1,Winter,0,0.0,0.0,3730.9950000000003,13.5
CR00007,2025,2,6,0.0,UI/UX Design,Design,Free,Advanced,0.0,48.68,2.61,TC00040,Kimberly Miller,Cybersecurity,24,4.58,Free,Long,Average,10+,1,Winter,10,0.0,0.0,1934.5900000000001,12.0
CR00007,2025,3,11,0.0,UI/UX Design,Design,Free,Advanced,0.0,48.68,2.61,TC00042,Yolanda Levine,Machine Learning,21,4.97,Free,Long,Average,10+,1,Spring,16,0.0,0.0,0.0,8.0
CR00007,2025,4,20,0.0,UI/UX Design,Design,Free,Advanced,0.0,48.68,2.61,TC00040,Kimberly Miller,Cybersecurity,24,4.58,Free,Long,Average,10+,2,Spring,27,0.0,0.0,0.0,9.0
CR00007,2025,5,11,0.0,UI/UX Design,Design,Free,Advanced,0.0,48.68,2.61,TC00042,Yolanda Levine,Machine Learning,21,4.97,Free,Long,Average,10+,2,Spring,47,0.0,0.0,0.0,12.333333333333334
CR00007,2025,6,20,0.0,UI/UX Design,Design,Free,Advanced,0.0,48.68,2.61,TC00040,Kimberly Miller,Cybersecurity,24,4.58,Free,Long,Average,10+,2,Summer,58,0.0,0.0,0.0,14.0
CR00007,2025,7,18,0.0,UI/UX Design,Design,Free,Advanced,0.0,48.68,2.61,TC00040,Kimberly Miller,Cybersecurity,24,4.58,Free,Long,Average,10+,3,Summer,78,0.0,0.0,0.0,17.0
CR00007,2025,8,13,0.0,UI/UX Design,Design,Free,Advanced,0.0,48.68,2.61,TC00042,Yolanda Levine,Machine Learning,21,4.97,Free,Long,Average,10+,3,Summer,96,0.0,0.0,0.0,16.333333333333332
CR00007,2025,9,20,0.0,UI/UX Design,Design,Free,Advanced,0.0,48.68,2.61,TC00040,Kimberly Miller,Cybersecurity,24,4.58,Free,Long,Average,10+,3,Autumn,109,0.0,0.0,0.0,17.0
CR00007,2025,10,18,0.0,UI/UX Design,Design,Free,Advanced,0.0,48.68,2.61,TC00040,Kimberly Miller,Cybersecurity,24,4.58,Free,Long,Average,10+,4,Autumn,129,0.0,0.0,0.0,17.0
CR00007,2025,11,12,0.0,UI/UX Design,Design,Free,Advanced,0.0,48.68,2.61,TC00040,Kimberly Miller,Cybersecurity,24,4.58,Free,Long,Average,10+,4,Autumn,147,0.0,0.0,0.0,17.0
CR00007,2025,12,19,0.0,UI/UX Design,Design,Free,Advanced,0.0,48.68,2.61,TC00042,Yolanda Levine,Machine Learning,21,4.97,Free,Long,Average,10+,4,Winter,159,0.0,0.0,0.0,16.666666666666668
CR00008,2025,1,6,0.0,Photoshop Mastery,Design,Free,Advanced,0.0,2.87,1.52,TC00042,Yolanda Levine,Machine Learning,21,4.97,Free,Short,Average,10+,1,Winter,0,0.0,0.0,0.0,15.0
CR00008,2025,2,14,0.0,Photoshop Mastery,Design,Free,Advanced,0.0,2.87,1.52,TC00042,Yolanda Levine,Machine Learning,21,4.97,Free,Short,Average,10+,1,Winter,6,0.0,0.0,0.0,9.0
CR00008,2025,3,12,0.0,Photoshop Mastery,Design,Free,Advanced,0.0,2.87,1.52,TC00042,Yolanda Levine,Machine Learning,21,4.97,Free,Short,Average,10+,1,Spring,20,0.0,0.0,0.0,10.0
CR00008,2025,4,13,0.0,Photoshop Mastery,Design,Free,Advanced,0.0,2.87,1.52,TC00040,Kimberly Miller,Cybersecurity,24,4.58,Free,Short,Average,10+,2,Spring,32,0.0,0.0,0.0,10.666666666666666
CR00008,2025,5,15,0.0,Photoshop Mastery,Design,Free,Advanced,0.0,2.87,1.52,TC00042,Yolanda Levine,Machine Learning,21,4.97,Free,Short,Average,10+,2,Spring,45,0.0,0.0,0.0,13.0
CR00008,2025,6,13,0.0,Photoshop Mastery,Design,Free,Advanced,0.0,2.87,1.52,TC00042,Yolanda Levine,Machine Learning,21,4.97,Free,Short,Average,10+,2,Summer,60,0.0,0.0,0.0,13.333333333333334
CR00008,2025,7,17,0.0,Photoshop Mastery,Design,Free,Advanced,0.0,2.87,1.52,TC00042,Yolanda Levine,Machine Learning,21,4.97,Free,Short,Average,10+,3,Summer,73,0.0,0.0,0.0,13.666666666666666
CR00008,2025,8,12,0.0,Photoshop Mastery,Design,Free,Advanced,0.0,2.87,1.52,TC00040,Kimberly Miller,Cybersecurity,24,4.58,Free,Short,Average,10+,3,Summer,90,0.0,0.0,0.0,15.0
CR00008,2025,9,12,0.0,Photoshop Mastery,Design,Free,Advanced,0.0,2.87,1.52,TC00042,Yolanda Levine,Machine Learning,21,4.97,Free,Short,Average,10+,3,Autumn,102,0.0,0.0,0.0,14.0
CR00008,2025,10,13,0.0,Photoshop Mastery,Design,Free,Advanced,0.0,2.87,1.52,TC00042,Yolanda Levine,Machine Learning,21,4.97,Free,Short,Average,10+,4,Autumn,114,0.0,0.0,0.0,13.666666666666666
CR00008,2025,11,17,0.0,Photoshop Mastery,Design,Free,Advanced,0.0,2.87,1.52,TC00042,Yolanda Levine,Machine Learning,21,4.97,Free,Short,Average,10+,4,Autumn,127,0.0,0.0,0.0,12.333333333333334
CR00008,2025,12,14,0.0,Photoshop Mastery,Design,Free,Advanced,0.0,2.87,1.52,TC00040,Kimberly Miller,Cybersecurity,24,4.58,Free,Short,Average,10+,4,Winter,144,0.0,0.0,0.0,14.0
CR00009,2025,1,10,0.0,Web Design Fundamentals,Design,Free,Beginner,0.0,48.19,4.51,TC00042,Yolanda Levine,Machine Learning,21,4.97,Free,Long,Excellent,10+,1,Winter,0,0.0,0.0,0.0,15.0
CR00009,2025,2,18,0.0,Web Design Fundamentals,Design,Free,Beginner,0.0,48.19,4.51,TC00029,David Webb,Artificial Intelligence,2,3.1,Free,Long,Excellent,0-2 years,1,Winter,10,0.0,0.0,0.0,13.5
CR00009,2025,3,12,0.0,Web Design Fundamentals,Design,Free,Beginner,0.0,48.19,4.51,TC00042,Yolanda Levine,Machine Learning,21,4.97,Free,Long,Excellent,10+,1,Spring,28,0.0,0.0,0.0,14.0
CR00009,2025,4,10,0.0,Web Design Fundamentals,Design,Free,Beginner,0.0,48.19,4.51,TC00042,Yolanda Levine,Machine Learning,21,4.97,Free,Long,Excellent,10+,2,Spring,40,0.0,0.0,0.0,13.333333333333334
CR00009,2025,5,11,0.0,Web Design Fundamentals,Design,Free,Beginner,0.0,48.19,4.51,TC00042,Yolanda Levine,Machine Learning,21,4.97,Free,Long,Excellent,10+,2,Spring,50,0.0,0.0,0.0,13.333333333333334
CR00009,2025,6,17,0.0,Web Design Fundamentals,Design,Free,Beginner,0.0,48.19,4.51,TC00042,Yolanda Levine,Machine Learning,21,4.97,Free,Long,Excellent,10+,2,Summer,61,0.0,0.0,0.0,11.0
CR00009,2025,7,17,0.0,Web Design Fundamentals,Design,Free,Beginner,0.0,48.19,4.51,TC00019,Tommy Haynes,Digital Marketing,8,3.4,Free,Long,Excellent,6-10 years,3,Summer,78,0.0,0.0,0.0,12.666666666666666
CR00009,2025,8,15,0.0,Web Design Fundamentals,Design,Free,Beginner,0.0,48.19,4.51,TC00042,Yolanda Levine,Machine Learning,21,4.97,Free,Long,Excellent,10+,3,Summer,95,0.0,0.0,0.0,15.0
CR00009,2025,9,11,0.0,Web Design Fundamentals,Design,Free,Beginner,0.0,48.19,4.51,TC00042,Yolanda Levine,Machine Learning,21,4.97,Free,Long,Excellent,10+,3,Autumn,110,0.0,0.0,0.0,16.333333333333332
CR00009,2025,10,12,0.0,Web Design Fundamentals,Design,Free,Beginner,0.0,48.19,4.51,TC00042,Yolanda Levine,Machine Learning,21,4.97,Free,Long,Excellent,10+,4,Autumn,121,0.0,0.0,0.0,14.333333333333334
CR00009,2025,11,6,0.0,Web Design Fundamentals,Design,Free,Beginner,0.0,48.19,4.51,TC00040,Kimberly Miller,Cybersecurity,24,4.58,Free,Long,Excellent,10+,4,Autumn,133,0.0,0.0,0.0,12.666666666666666
CR00009,2025,12,16,0.0,Web Design Fundamentals,Design,Free,Beginner,0.0,48.19,4.51,TC00040,Kimberly Miller,Cybersecurity,24,4.58,Free,Long,Excellent,10+,4,Winter,139,0.0,0.0,0.0,9.666666666666666
CR00010,2025,1,12,0.0,3D Modeling,Design,Free,Advanced,0.0,15.29,4.45,TC00040,Kimberly Miller,Cybersecurity,24,4.58,Free,Medium,Good,10+,1,Winter,0,0.0,0.0,0.0,9.0
CR00010,2025,2,9,0.0,3D Modeling,Design,Free,Advanced,0.0,15.29,4.45,TC00042,Yolanda Levine,Machine Learning,21,4.97,Free,Medium,Good,10+,1,Winter,12,0.0,0.0,0.0,9.0
CR00010,2025,3,13,0.0,3D Modeling,Design,Free,Advanced,0.0,15.29,4.45,TC00040,Kimberly Miller,Cybersecurity,24,4.58,Free,Medium,Good,10+,1,Spring,21,0.0,0.0,0.0,10.5
CR00010,2025,4,20,0.0,3D Modeling,Design,Free,Advanced,0.0,15.29,4.45,TC00042,Yolanda Levine,Machine Learning,21,4.97,Free,Medium,Good,10+,2,Spring,34,0.0,0.0,0.0,11.333333333333334
CR00010,2025,5,14,0.0,3D Modeling,Design,Free,Advanced,0.0,15.29,4.45,TC00040,Kimberly Miller,Cybersecurity,24,4.58,Free,Medium,Good,10+,2,Spring,54,0.0,0.0,0.0,14.0
CR00010,2025,6,19,0.0,3D Modeling,Design,Free,Advanced,0.0,15.29,4.45,TC00040,Kimberly Miller,Cybersecurity,24,4.58,Free,Medium,Good,10+,2,Summer,68,0.0,0.0,0.0,15.666666666666666
CR00010,2025,7,17,0.0,3D Modeling,Design,Free,Advanced,0.0,15.29,4.45,TC00042,Yolanda Levine,Machine Learning,21,4.97,Free,Medium,Good,10+,3,Summer,87,0.0,0.0,0.0,17.666666666666668
CR00010,2025,8,9,0.0,3D Modeling,Design,Free,Advanced,0.0,15.29,4.45,TC00042,Yolanda Levine,Machine Learning,21,4.97,Free,Medium,Good,10+,3,Summer,104,0.0,0.0,0.0,16.666666666666668
CR00010,2025,9,17,0.0,3D Modeling,Design,Free,Advanced,0.0,15.29,4.45,TC00040,Kimberly Miller,Cybersecurity,24,4.58,Free,Medium,Good,10+,3,Autumn,113,0.0,0.0,0.0,15.0
CR00010,2025,10,10,0.0,3D Modeling,Design,Free,Advanced,0.0,15.29,4.45,TC00040,Kimberly Miller,Cybersecurity,24,4.58,Free,Medium,Good,10+,4,Autumn,130,0.0,0.0,0.0,14.333333333333334
CR00010,2025,11,23,0.0,3D Modeling,Design,Free,Advanced,0.0,15.29,4.45,TC00040,Kimberly Miller,Cybersecurity,24,4.58,Free,Medium,Good,10+,4,Autumn,140,0.0,0.0,0.0,12.0
CR00010,2025,12,17,0.0,3D Modeling,Design,Free,Advanced,0.0,15.29,4.45,TC00042,Yolanda Levine,Machine Learning,21,4.97,Free,Medium,Good,10+,4,Winter,163,0.0,0.0,0.0,16.666666666666668
CR00011,2025,1,14,4564.28,Entrepreneurship 101,Business,Paid,Intermediate,326.02,11.31,2.69,TC00042,Yolanda Levine,Machine Learning,21,4.97,Medium,Short,Average,10+,1,Winter,0,0.0,0.0,0.0,16.5
CR00011,2025,2,14,4564.28,Entrepreneurship 101,Business,Paid,Intermediate,326.02,11.31,2.69,TC00042,Yolanda Levine,Machine Learning,21,4.97,Medium,Short,Average,10+,1,Winter,14,4564.28,326.02,2282.14,18.5
CR00011,2025,3,9,2934.18,Entrepreneurship 101,Business,Paid,Intermediate,326.02,11.31,2.69,TC00040,Kimberly Miller,Cybersecurity,24,4.58,Medium,Short,Average,10+,1,Spring,28,4564.28,326.02,4564.28,14.0
CR00011,2025,4,16,5216.32,Entrepreneurship 101,Business,Paid,Intermediate,326.02,11.31,2.69,TC00040,Kimberly Miller,Cybersecurity,24,4.58,Medium,Short,Average,10+,2,Spring,37,4020.9133333333325,326.0199999999999,4020.9133333333334,12.333333333333334
CR00011,2025,5,11,3586.22,Entrepreneurship 101,Business,Paid,Intermediate,326.02,11.31,2.69,TC00040,Kimberly Miller,Cybersecurity,24,4.58,Medium,Short,Average,10+,2,Spring,53,4319.764999999999,326.02,4238.259999999999,13.0
CR00011,2025,6,11,3586.22,Entrepreneurship 101,Business,Paid,Intermediate,326.02,11.31,2.69,TC00028,Timothy Bailey,Business,3,1.06,Medium,Short,Average,3-5 years,2,Summer,64,4173.056,326.02,3912.24,12.0
CR00011,2025,7,18,5868.36,Entrepreneurship 101,Business,Paid,Intermediate,326.02,11.31,2.69,TC00042,Yolanda Levine,Machine Learning,21,4.97,Medium,Short,Average,10+,3,Summer,75,4075.25,326.02,4129.586666666666,12.666666666666666
CR00011,2025,8,6,1956.12,Entrepreneurship 101,Business,Paid,Intermediate,326.02,11.31,2.69,TC00040,Kimberly Miller,Cybersecurity,24,4.58,Medium,Short,Average,10+,3,Summer,93,4331.408571428571,326.02,4346.933333333333,13.333333333333334
CR00011,2025,9,12,3912.24,Entrepreneurship 101,Business,Paid,Intermediate,326.02,11.31,2.69,TC00042,Yolanda Levine,Machine Learning,21,4.97,Medium,Short,Average,10+,3,Autumn,99,4034.4975000000004,326.02000000000004,3803.566666666667,11.666666666666666
CR00011,2025,10,16,5216.32,Entrepreneurship 101,Business,Paid,Intermediate,326.02,11.31,2.69,TC00040,Kimberly Miller,Cybersecurity,24,4.58,Medium,Short,Average,10+,4,Autumn,111,4020.9133333333334,326.02000000000004,3912.24,12.0
CR00011,2025,11,12,3912.24,Entrepreneurship 101,Business,Paid,Intermediate,326.02,11.31,2.69,TC00042,Yolanda Levine,Machine Learning,21,4.97,Medium,Short,Average,10+,4,Autumn,127,4140.454,326.02,3694.8933333333334,11.333333333333334
CR00011,2025,12,12,3912.24,Entrepreneurship 101,Business,Paid,Intermediate,326.02,11.31,2.69,TC00042,Yolanda Levine,Machine Learning,21,4.97,Medium,Short,Average,10+,4,Winter,139,4119.7072727272725,326.02,4346.933333333333,13.333333333333334
CR00012,2025,1,20,9758.4,Business Strategy,Business,Paid,Advanced,487.92,36.01,3.64,TC00042,Yolanda Levine,Machine Learning,21,4.97,High,Long,Average,10+,1,Winter,0,0.0,0.0,4564.279999999999,14.0
CR00012,2025,2,10,4879.2,Business Strategy,Business,Paid,Advanced,487.92,36.01,3.64,TC00042,Yolanda Levine,Machine Learning,21,4.97,High,Long,Average,10+,1,Winter,20,9758.399999999998,487.9199999999999,6835.32,16.0
CR00012,2025,3,21,10246.32,Business Strategy,Business,Paid,Advanced,487.92,36.01,3.64,TC00042,Yolanda Levine,Machine Learning,21,4.97,High,Long,Average,10+,1,Spring,30,7318.799999999999,487.91999999999996,7318.799999999999,15.0
CR00012,2025,4,15,7318.8,Business Strategy,Business,Paid,Advanced,487.92,36.01,3.64,TC00040,Kimberly Miller,Cybersecurity,24,4.58,High,Long,Average,10+,2,Spring,51,8294.64,487.91999999999996,8294.64,17.0
CR00012,2025,5,6,2927.52,Business Strategy,Business,Paid,Advanced,487.92,36.01,3.64,TC00042,Yolanda Levine,Machine Learning,21,4.97,High,Long,Average,10+,2,Spring,66,8050.679999999999,487.91999999999996,7481.44,15.333333333333334
CR00012,2025,6,14,6830.88,Business Strategy,Business,Paid,Advanced,487.92,36.01,3.64,TC00042,Yolanda Levine,Machine Learning,21,4.97,High,Long,Average,10+,2,Summer,72,7026.048,487.91999999999996,6830.88,14.0
CR00012,2025,7,18,8782.56,Business Strategy,Business,Paid,Advanced,487.92,36.01,3.64,TC00042,Yolanda Levine,Machine Learning,21,4.97,High,Long,Average,10+,3,Summer,86,6993.52,487.92,5692.399999999999,11.666666666666666
CR00012,2025,8,11,5367.12,Business Strategy,Business,Paid,Advanced,487.92,36.01,3.64,TC00052,Susan Johnson,Business,12,3.43,High,Long,Average,10+,3,Summer,104,7249.097142857142,487.91999999999996,6180.32,12.666666666666666
CR00012,2025,9,15,7318.8,Business Strategy,Business,Paid,Advanced,487.92,36.01,3.64,TC00052,Susan Johnson,Business,12,3.43,High,Long,Average,10+,3,Autumn,115,7013.849999999999,487.91999999999996,6993.5199999999995,14.333333333333334
CR00012,2025,10,20,9758.4,Business Strategy,Business,Paid,Advanced,487.92,36.01,3.64,TC00040,Kimberly Miller,Cybersecurity,24,4.58,High,Long,Average,10+,4,Autumn,130,7047.733333333334,487.92,7156.159999999999,14.666666666666666
CR00012,2025,11,11,5367.12,Business Strategy,Business,Paid,Advanced,487.92,36.01,3.64,TC00042,Yolanda Levine,Machine Learning,21,4.97,High,Long,Average,10+,4,Autumn,150,7318.8,487.92,7481.44,15.333333333333334
CR00012,2025,12,12,5855.04,Business Strategy,Business,Paid,Advanced,487.92,36.01,3.64,TC00040,Kimberly Miller,Cybersecurity,24,4.58,High,Long,Average,10+,4,Winter,161,7141.374545454546,487.9200000000001,7481.44,15.333333333333334
CR00013,2025,1,20,0.0,Finance for Startups,Business,Free,Advanced,0.0,15.84,2.0,TC00040,Kimberly Miller,Cybersecurity,24,4.58,Free,Medium,Average,10+,1,Winter,0,0.0,0.0,7562.759999999999,15.5
CR00013,2025,2,12,0.0,Finance for Startups,Business,Free,Advanced,0.0,15.84,2.0,TC00042,Yolanda Levine,Machine Learning,21,4.97,Free,Medium,Average,10+,1,Winter,20,0.0,0.0,2683.559999999999,15.5
CR00013,2025,3,23,0.0,Finance for Startups,Business,Free,Advanced,0.0,15.84,2.0,TC00040,Kimberly Miller,Cybersecurity,24,4.58,Free,Medium,Average,10+,1,Spring,32,0.0,0.0,0.0,16.0
CR00013,2025,4,18,0.0,Finance for Startups,Business,Free,Advanced,0.0,15.84,2.0,TC00042,Yolanda Levine,Machine Learning,21,4.97,Free,Medium,Average,10+,2,Spring,55,0.0,0.0,0.0,18.333333333333332
CR00013,2025,5,10,0.0,Finance for Startups,Business,Free,Advanced,0.0,15.84,2.0,TC00042,Yolanda Levine,Machine Learning,21,4.97,Free,Medium,Average,10+,2,Spring,73,0.0,0.0,0.0,17.666666666666668
CR00013,2025,6,13,0.0,Finance for Startups,Business,Free,Advanced,0.0,15.84,2.0,TC00040,Kimberly Miller,Cybersecurity,24,4.58,Free,Medium,Average,10+,2,Summer,83,0.0,0.0,0.0,17.0
CR00013,2025,7,14,0.0,Finance for Startups,Business,Free,Advanced,0.0,15.84,2.0,TC00042,Yolanda Levine,Machine Learning,21,4.97,Free,Medium,Average,10+,3,Summer,96,0.0,0.0,0.0,13.666666666666666
CR00013,2025,8,12,0.0,Finance for Startups,Business,Free,Advanced,0.0,15.84,2.0,TC00042,Yolanda Levine,Machine Learning,21,4.97,Free,Medium,Average,10+,3,Summer,110,0.0,0.0,0.0,12.333333333333334
CR00013,2025,9,9,0.0,Finance for Startups,Business,Free,Advanced,0.0,15.84,2.0,TC00028,Timothy Bailey,Business,3,1.06,Free,Medium,Average,3-5 years,3,Autumn,122,0.0,0.0,0.0,13.0
CR00013,2025,10,10,0.0,Finance for Startups,Business,Free,Advanced,0.0,15.84,2.0,TC00028,Timothy Bailey,Business,3,1.06,Free,Medium,Average,3-5 years,4,Autumn,131,0.0,0.0,0.0,11.666666666666666
CR00013,2025,11,14,0.0,Finance for Startups,Business,Free,Advanced,0.0,15.84,2.0,TC00042,Yolanda Levine,Machine Learning,21,4.97,Free,Medium,Average,10+,4,Autumn,141,0.0,0.0,0.0,10.333333333333334
CR00013,2025,12,15,0.0,Finance for Startups,Business,Free,Advanced,0.0,15.84,2.0,TC00040,Kimberly Miller,Cybersecurity,24,4.58,Free,Medium,Average,10+,4,Winter,155,0.0,0.0,0.0,11.0
CR00014,2025,1,15,0.0,Sales Mastery,Business,Free,Advanced,0.0,22.29,3.15,TC00042,Yolanda Levine,Machine Learning,21,4.97,Free,Medium,Average,10+,1,Winter,0,0.0,0.0,0.0,12.0
CR00014,2025,2,14,0.0,Sales Mastery,Business,Free,Advanced,0.0,22.29,3.15,TC00040,Kimberly Miller,Cybersecurity,24,4.58,Free,Medium,Average,10+,1,Winter,15,0.0,0.0,0.0,14.5
CR00014,2025,3,17,0.0,Sales Mastery,Business,Free,Advanced,0.0,22.29,3.15,TC00040,Kimberly Miller,Cybersecurity,24,4.58,Free,Medium,Average,10+,1,Spring,29,0.0,0.0,0.0,14.5
CR00014,2025,4,12,0.0,Sales Mastery,Business,Free,Advanced,0.0,22.29,3.15,TC00040,Kimberly Miller,Cybersecurity,24,4.58,Free,Medium,Average,10+,2,Spring,46,0.0,0.0,0.0,15.333333333333334
CR00014,2025,5,14,0.0,Sales Mastery,Business,Free,Advanced,0.0,22.29,3.15,TC00042,Yolanda Levine,Machine Learning,21,4.97,Free,Medium,Average,10+,2,Spring,58,0.0,0.0,0.0,14.333333333333334
CR00014,2025,6,15,0.0,Sales Mastery,Business,Free,Advanced,0.0,22.29,3.15,TC00040,Kimberly Miller,Cybersecurity,24,4.58,Free,Medium,Average,10+,2,Summer,72,0.0,0.0,0.0,14.333333333333334
CR00014,2025,7,8,0.0,Sales Mastery,Business,Free,Advanced,0.0,22.29,3.15,TC00042,Yolanda Levine,Machine Learning,21,4.97,Free,Medium,Average,10+,3,Summer,87,0.0,0.0,0.0,13.666666666666666
CR00014,2025,8,14,0.0,Sales Mastery,Business,Free,Advanced,0.0,22.29,3.15,TC00040,Kimberly Miller,Cybersecurity,24,4.58,Free,Medium,Average,10+,3,Summer,95,0.0,0.0,0.0,12.333333333333334
CR00014,2025,9,18,0.0,Sales Mastery,Business,Free,Advanced,0.0,22.29,3.15,TC00040,Kimberly Miller,Cybersecurity,24,4.58,Free,Medium,Average,10+,3,Autumn,109,0.0,0.0,0.0,12.333333333333334
CR00014,2025,10,16,0.0,Sales Mastery,Business,Free,Advanced,0.0,22.29,3.15,TC00040,Kimberly Miller,Cybersecurity,24,4.58,Free,Medium,Average,10+,4,Autumn,127,0.0,0.0,0.0,13.333333333333334
CR00014,2025,11,21,0.0,Sales Mastery,Business,Free,Advanced,0.0,22.29,3.15,TC00042,Yolanda Levine,Machine Learning,21,4.97,Free,Medium,Average,10+,4,Autumn,143,0.0,0.0,0.0,16.0
CR00014,2025,12,7,0.0,Sales Mastery,Business,Free,Advanced,0.0,22.29,3.15,TC00040,Kimberly Miller,Cybersecurity,24,4.58,Free,Medium,Average,10+,4,Winter,164,0.0,0.0,0.0,18.333333333333332
CR00015,2025,1,13,3705.65,Leadership Essentials,Business,Paid,Beginner,285.05,34.78,1.96,TC00042,Yolanda Levine,Machine Learning,21,4.97,Medium,Medium,Average,10+,1,Winter,0,0.0,0.0,0.0,18.5
CR00015,2025,2,11,3135.55,Leadership Essentials,Business,Paid,Beginner,285.05,34.78,1.96,TC00040,Kimberly Miller,Cybersecurity,24,4.58,Medium,Medium,Average,10+,1,Winter,13,3705.6500000000005,285.05000000000007,1852.8249999999991,17.0
CR00015,2025,3,11,3135.55,Leadership Essentials,Business,Paid,Beginner,285.05,34.78,1.96,TC00040,Kimberly Miller,Cybersecurity,24,4.58,Medium,Medium,Average,10+,1,Spring,24,3420.6,285.05,3420.5999999999995,12.0
CR00015,2025,4,16,4560.8,Leadership Essentials,Business,Paid,Beginner,285.05,34.78,1.96,TC00042,Yolanda Levine,Machine Learning,21,4.97,Medium,Medium,Average,10+,2,Spring,35,3325.5833333333335,285.05,3325.5833333333326,11.666666666666666
CR00015,2025,5,14,3990.7000000000003,Leadership Essentials,Business,Paid,Beginner,285.05,34.78,1.96,TC00042,Yolanda Levine,Machine Learning,21,4.97,Medium,Medium,Average,10+,2,Spring,51,3634.3875,285.05,3610.633333333333,12.666666666666666
CR00015,2025,6,19,5415.95,Leadership Essentials,Business,Paid,Beginner,285.05,34.78,1.96,TC00042,Yolanda Levine,Machine Learning,21,4.97,Medium,Medium,Average,10+,2,Summer,65,3705.65,285.05,3895.683333333333,13.666666666666666
CR00015,2025,7,13,3705.65,Leadership Essentials,Business,Paid,Beginner,285.05,34.78,1.96,TC00042,Yolanda Levine,Machine Learning,21,4.97,Medium,Medium,Average,10+,3,Summer,84,3990.7000000000003,285.05,4655.816666666667,16.333333333333332
CR00015,2025,8,10,2850.5,Leadership Essentials,Business,Paid,Beginner,285.05,34.78,1.96,TC00042,Yolanda Levine,Machine Learning,21,4.97,Medium,Medium,Average,10+,3,Summer,97,3949.9785714285717,285.05,4370.7666666666655,15.333333333333334
CR00015,2025,9,18,5130.900000000001,Leadership Essentials,Business,Paid,Beginner,285.05,34.78,1.96,TC00042,Yolanda Levine,Machine Learning,21,4.97,Medium,Medium,Average,10+,3,Autumn,107,3812.54375,285.05,3990.699999999999,14.0
CR00015,2025,10,13,3705.65,Leadership Essentials,Business,Paid,Beginner,285.05,34.78,1.96,TC00040,Kimberly Miller,Cybersecurity,24,4.58,Medium,Medium,Average,10+,4,Autumn,125,3959.027777777778,285.05,3895.683333333333,13.666666666666666
CR00015,2025,11,13,3705.65,Leadership Essentials,Business,Paid,Beginner,285.05,34.78,1.96,TC00040,Kimberly Miller,Cybersecurity,24,4.58,Medium,Medium,Average,10+,4,Autumn,138,3933.69,285.05,3895.683333333333,13.666666666666666
CR00015,2025,12,17,4845.85,Leadership Essentials,Business,Paid,Beginner,285.05,34.78,1.96,TC00040,Kimberly Miller,Cybersecurity,24,4.58,Medium,Medium,Average,10+,4,Winter,151,3912.959090909091,285.05,4180.733333333334,14.666666666666666
CR00016,2025,1,13,0.0,Digital Marketing,Marketing,Free,Intermediate,0.0,42.68,4.72,TC00042,Yolanda Levine,Machine Learning,21,4.97,Free,Long,Excellent,10+,1,Winter,0,0.0,0.0,3705.65,13.0
CR00016,2025,2,15,0.0,Digital Marketing,Marketing,Free,Intermediate,0.0,42.68,4.72,TC00040,Kimberly Miller,Cybersecurity,24,4.58,Free,Long,Excellent,10+,1,Winter,13,0.0,0.0,1852.8249999999991,13.0
CR00016,2025,3,9,0.0,Digital Marketing,Marketing,Free,Intermediate,0.0,42.68,4.72,TC00040,Kimberly Miller,Cybersecurity,24,4.58,Free,Long,Excellent,10+,1,Spring,28,0.0,0.0,0.0,14.0
CR00016,2025,4,9,0.0,Digital Marketing,Marketing,Free,Intermediate,0.0,42.68,4.72,TC00040,Kimberly Miller,Cybersecurity,24,4.58,Free,Long,Excellent,10+,2,Spring,37,0.0,0.0,0.0,12.333333333333334
CR00016,2025,5,7,0.0,Digital Marketing,Marketing,Free,Intermediate,0.0,42.68,4.72,TC00042,Yolanda Levine,Machine Learning,21,4.97,Free,Long,Excellent,10+,2,Spring,46,0.0,0.0,0.0,11.0
CR00016,2025,6,11,0.0,Digital Marketing,Marketing,Free,Intermediate,0.0,42.68,4.72,TC00042,Yolanda Levine,Machine Learning,21,4.97,Free,Long,Excellent,10+,2,Summer,53,0.0,0.0,0.0,8.333333333333334
CR00016,2025,7,15,0.0,Digital Marketing,Marketing,Free,Intermediate,0.0,42.68,4.72,TC00040,Kimberly Miller,Cybersecurity,24,4.58,Free,Long,Excellent,10+,3,Summer,64,0.0,0.0,0.0,9.0
CR00016,2025,8,16,0.0,Digital Marketing,Marketing,Free,Intermediate,0.0,42.68,4.72,TC00040,Kimberly Miller,Cybersecurity,24,4.58,Free,Long,Excellent,10+,3,Summer,79,0.0,0.0,0.0,11.0
CR00016,2025,9,14,0.0,Digital Marketing,Marketing,Free,Intermediate,0.0,42.68,4.72,TC00042,Yolanda Levine,Machine Learning,21,4.97,Free,Long,Excellent,10+,3,Autumn,95,0.0,0.0,0.0,14.0
CR00016,2025,10,15,0.0,Digital Marketing,Marketing,Free,Intermediate,0.0,42.68,4.72,TC00040,Kimberly Miller,Cybersecurity,24,4.58,Free,Long,Excellent,10+,4,Autumn,109,0.0,0.0,0.0,15.0
CR00016,2025,11,21,0.0,Digital Marketing,Marketing,Free,Intermediate,0.0,42.68,4.72,TC00042,Yolanda Levine,Machine Learning,21,4.97,Free,Long,Excellent,10+,4,Autumn,124,0.0,0.0,0.0,15.0
CR00016,2025,12,8,0.0,Digital Marketing,Marketing,Free,Intermediate,0.0,42.68,4.72,TC00042,Yolanda Levine,Machine Learning,21,4.97,Free,Long,Excellent,10+,4,Winter,145,0.0,0.0,0.0,16.666666666666668
CR00017,2025,1,15,0.0,SEO Mastery,Marketing,Free,Advanced,0.0,29.37,4.79,TC00042,Yolanda Levine,Machine Learning,21,4.97,Free,Medium,Excellent,10+,1,Winter,0,0.0,0.0,0.0,18.0
CR00017,2025,2,17,0.0,SEO Mastery,Marketing,Free,Advanced,0.0,29.37,4.79,TC00040,Kimberly Miller,Cybersecurity,24,4.58,Free,Medium,Excellent,10+,1,Winter,15,0.0,0.0,0.0,18.0
CR00017,2025,3,11,0.0,SEO Mastery,Marketing,Free,Advanced,0.0,29.37,4.79,TC00029,David Webb,Artificial Intelligence,2,3.1,Free,Medium,Excellent,0-2 years,1,Spring,32,0.0,0.0,0.0,16.0
CR00017,2025,4,11,0.0,SEO Mastery,Marketing,Free,Advanced,0.0,29.37,4.79,TC00042,Yolanda Levine,Machine Learning,21,4.97,Free,Medium,Excellent,10+,2,Spring,43,0.0,0.0,0.0,14.333333333333334
CR00017,2025,5,7,0.0,SEO Mastery,Marketing,Free,Advanced,0.0,29.37,4.79,TC00042,Yolanda Levine,Machine Learning,21,4.97,Free,Medium,Excellent,10+,2,Spring,54,0.0,0.0,0.0,13.0
CR00017,2025,6,16,0.0,SEO Mastery,Marketing,Free,Advanced,0.0,29.37,4.79,TC00042,Yolanda Levine,Machine Learning,21,4.97,Free,Medium,Excellent,10+,2,Summer,61,0.0,0.0,0.0,9.666666666666666
CR00017,2025,7,8,0.0,SEO Mastery,Marketing,Free,Advanced,0.0,29.37,4.79,TC00042,Yolanda Levine,Machine Learning,21,4.97,Free,Medium,Excellent,10+,3,Summer,77,0.0,0.0,0.0,11.333333333333334
CR00017,2025,8,18,0.0,SEO Mastery,Marketing,Free,Advanced,0.0,29.37,4.79,TC00040,Kimberly Miller,Cybersecurity,24,4.58,Free,Medium,Excellent,10+,3,Summer,85,0.0,0.0,0.0,10.333333333333334
CR00017,2025,9,18,0.0,SEO Mastery,Marketing,Free,Advanced,0.0,29.37,4.79,TC00030,David Aguirre,Artificial Intelligence,6,3.01,Free,Medium,Excellent,6-10 years,3,Autumn,103,0.0,0.0,0.0,14.0
CR00017,2025,10,10,0.0,SEO Mastery,Marketing,Free,Advanced,0.0,29.37,4.79,TC00040,Kimberly Miller,Cybersecurity,24,4.58,Free,Medium,Excellent,10+,4,Autumn,121,0.0,0.0,0.0,14.666666666666666
CR00017,2025,11,14,0.0,SEO Mastery,Marketing,Free,Advanced,0.0,29.37,4.79,TC00042,Yolanda Levine,Machine Learning,21,4.97,Free,Medium,Excellent,10+,4,Autumn,131,0.0,0.0,0.0,15.333333333333334
CR00017,2025,12,13,0.0,SEO Mastery,Marketing,Free,Advanced,0.0,29.37,4.79,TC00040,Kimberly Miller,Cybersecurity,24,4.58,Free,Medium,Excellent,10+,4,Winter,145,0.0,0.0,0.0,14.0
CR00018,2025,1,12,0.0,Social Media Marketing,Marketing,Free,Advanced,0.0,15.44,2.01,TC00040,Kimberly Miller,Cybersecurity,24,4.58,Free,Medium,Average,10+,1,Winter,0,0.0,0.0,0.0,12.0
CR00018,2025,2,8,0.0,Social Media Marketing,Marketing,Free,Advanced,0.0,15.44,2.01,TC00042,Yolanda Levine,Machine Learning,21,4.97,Free,Medium,Average,10+,1,Winter,12,0.0,0.0,0.0,13.0
CR00018,2025,3,12,0.0,Social Media Marketing,Marketing,Free,Advanced,0.0,15.44,2.01,TC00040,Kimberly Miller,Cybersecurity,24,4.58,Free,Medium,Average,10+,1,Spring,20,0.0,0.0,0.0,10.0
CR00018,2025,4,17,0.0,Social Media Marketing,Marketing,Free,Advanced,0.0,15.44,2.01,TC00040,Kimberly Miller,Cybersecurity,24,4.58,Free,Medium,Average,10+,2,Spring,32,0.0,0.0,0.0,10.666666666666666
CR00018,2025,5,15,0.0,Social Media Marketing,Marketing,Free,Advanced,0.0,15.44,2.01,TC00042,Yolanda Levine,Machine Learning,21,4.97,Free,Medium,Average,10+,2,Spring,49,0.0,0.0,0.0,12.333333333333334
CR00018,2025,6,17,0.0,Social Media Marketing,Marketing,Free,Advanced,0.0,15.44,2.01,TC00040,Kimberly Miller,Cybersecurity,24,4.58,Free,Medium,Average,10+,2,Summer,64,0.0,0.0,0.0,14.666666666666666
CR00018,2025,7,13,0.0,Social Media Marketing,Marketing,Free,Advanced,0.0,15.44,2.01,TC00042,Yolanda Levine,Machine Learning,21,4.97,Free,Medium,Average,10+,3,Summer,81,0.0,0.0,0.0,16.333333333333332
CR00018,2025,8,16,0.0,Social Media Marketing,Marketing,Free,Advanced,0.0,15.44,2.01,TC00060,Benjamin Gray,Project Management,14,3.32,Free,Medium,Average,10+,3,Summer,94,0.0,0.0,0.0,15.0
CR00018,2025,9,13,0.0,Social Media Marketing,Marketing,Free,Advanced,0.0,15.44,2.01,TC00048,Theresa Gonzalez,Finance,7,3.18,Free,Medium,Average,6-10 years,3,Autumn,110,0.0,0.0,0.0,15.333333333333334
CR00018,2025,10,15,0.0,Social Media Marketing,Marketing,Free,Advanced,0.0,15.44,2.01,TC00040,Kimberly Miller,Cybersecurity,24,4.58,Free,Medium,Average,10+,4,Autumn,123,0.0,0.0,0.0,14.0
CR00018,2025,11,14,0.0,Social Media Marketing,Marketing,Free,Advanced,0.0,15.44,2.01,TC00040,Kimberly Miller,Cybersecurity,24,4.58,Free,Medium,Average,10+,4,Autumn,138,0.0,0.0,0.0,14.666666666666666
CR00018,2025,12,11,0.0,Social Media Marketing,Marketing,Free,Advanced,0.0,15.44,2.01,TC00015,John Armstrong,Data Science,7,3.07,Free,Medium,Average,6-10 years,4,Winter,152,0.0,0.0,0.0,14.0
CR00019,2025,1,15,0.0,Content Marketing,Marketing,Free,Advanced,0.0,18.0,2.98,TC00040,Kimberly Miller,Cybersecurity,24,4.58,Free,Medium,Average,10+,1,Winter,0,0.0,0.0,0.0,14.5
CR00019,2025,2,9,0.0,Content Marketing,Marketing,Free,Advanced,0.0,18.0,2.98,TC00040,Kimberly Miller,Cybersecurity,24,4.58,Free,Medium,Average,10+,1,Winter,15,0.0,0.0,0.0,14.5
CR00019,2025,3,15,0.0,Content Marketing,Marketing,Free,Advanced,0.0,18.0,2.98,TC00040,Kimberly Miller,Cybersecurity,24,4.58,Free,Medium,Average,10+,1,Spring,24,0.0,0.0,0.0,12.0
CR00019,2025,4,13,0.0,Content Marketing,Marketing,Free,Advanced,0.0,18.0,2.98,TC00042,Yolanda Levine,Machine Learning,21,4.97,Free,Medium,Average,10+,2,Spring,39,0.0,0.0,0.0,13.0
CR00019,2025,5,20,0.0,Content Marketing,Marketing,Free,Advanced,0.0,18.0,2.98,TC00040,Kimberly Miller,Cybersecurity,24,4.58,Free,Medium,Average,10+,2,Spring,52,0.0,0.0,0.0,12.333333333333334
CR00019,2025,6,20,0.0,Content Marketing,Marketing,Free,Advanced,0.0,18.0,2.98,TC00042,Yolanda Levine,Machine Learning,21,4.97,Free,Medium,Average,10+,2,Summer,72,0.0,0.0,0.0,16.0
CR00019,2025,7,15,0.0,Content Marketing,Marketing,Free,Advanced,0.0,18.0,2.98,TC00042,Yolanda Levine,Machine Learning,21,4.97,Free,Medium,Average,10+,3,Summer,92,0.0,0.0,0.0,17.666666666666668
CR00019,2025,8,12,0.0,Content Marketing,Marketing,Free,Advanced,0.0,18.0,2.98,TC00040,Kimberly Miller,Cybersecurity,24,4.58,Free,Medium,Average,10+,3,Summer,107,0.0,0.0,0.0,18.333333333333332
CR00019,2025,9,14,0.0,Content Marketing,Marketing,Free,Advanced,0.0,18.0,2.98,TC00042,Yolanda Levine,Machine Learning,21,4.97,Free,Medium,Average,10+,3,Autumn,119,0.0,0.0,0.0,15.666666666666666
CR00019,2025,10,13,0.0,Content Marketing,Marketing,Free,Advanced,0.0,18.0,2.98,TC00040,Kimberly Miller,Cybersecurity,24,4.58,Free,Medium,Average,10+,4,Autumn,133,0.0,0.0,0.0,13.666666666666666
CR00019,2025,11,16,0.0,Content Marketing,Marketing,Free,Advanced,0.0,18.0,2.98,TC00042,Yolanda Levine,Machine Learning,21,4.97,Free,Medium,Average,10+,4,Autumn,146,0.0,0.0,0.0,13.0
CR00019,2025,12,15,0.0,Content Marketing,Marketing,Free,Advanced,0.0,18.0,2.98,TC00040,Kimberly Miller,Cybersecurity,24,4.58,Free,Medium,Average,10+,4,Winter,162,0.0,0.0,0.0,14.333333333333334
CR00020,2025,1,13,0.0,Email Marketing,Marketing,Free,Intermediate,0.0,46.25,4.11,TC00042,Yolanda Levine,Machine Learning,21,4.97,Free,Long,Good,10+,1,Winter,0,0.0,0.0,0.0,14.5
CR00020,2025,2,10,0.0,Email Marketing,Marketing,Free,Intermediate,0.0,46.25,4.11,TC00040,Kimberly Miller,Cybersecurity,24,4.58,Free,Long,Good,10+,1,Winter,13,0.0,0.0,0.0,14.5
CR00020,2025,3,13,0.0,Email Marketing,Marketing,Free,Intermediate,0.0,46.25,4.11,TC00045,Emily Gutierrez,Web Development,5,1.07,Free,Long,Good,3-5 years,1,Spring,23,0.0,0.0,0.0,11.5
CR00020,2025,4,8,0.0,Email Marketing,Marketing,Free,Intermediate,0.0,46.25,4.11,TC00030,David Aguirre,Artificial Intelligence,6,3.01,Free,Long,Good,6-10 years,2,Spring,36,0.0,0.0,0.0,12.0
CR00020,2025,5,11,0.0,Email Marketing,Marketing,Free,Intermediate,0.0,46.25,4.11,TC00042,Yolanda Levine,Machine Learning,21,4.97,Free,Long,Good,10+,2,Spring,44,0.0,0.0,0.0,10.333333333333334
CR00020,2025,6,20,0.0,Email Marketing,Marketing,Free,Intermediate,0.0,46.25,4.11,TC00042,Yolanda Levine,Machine Learning,21,4.97,Free,Long,Good,10+,2,Summer,55,0.0,0.0,0.0,10.666666666666666
CR00020,2025,7,9,0.0,Email Marketing,Marketing,Free,Intermediate,0.0,46.25,4.11,TC00040,Kimberly Miller,Cybersecurity,24,4.58,Free,Long,Good,10+,3,Summer,75,0.0,0.0,0.0,13.0
CR00020,2025,8,14,0.0,Email Marketing,Marketing,Free,Intermediate,0.0,46.25,4.11,TC00040,Kimberly Miller,Cybersecurity,24,4.58,Free,Long,Good,10+,3,Summer,84,0.0,0.0,0.0,13.333333333333334
CR00020,2025,9,15,0.0,Email Marketing,Marketing,Free,Intermediate,0.0,46.25,4.11,TC00042,Yolanda Levine,Machine Learning,21,4.97,Free,Long,Good,10+,3,Autumn,98,0.0,0.0,0.0,14.333333333333334
CR00020,2025,10,13,0.0,Email Marketing,Marketing,Free,Intermediate,0.0,46.25,4.11,TC00042,Yolanda Levine,Machine Learning,21,4.97,Free,Long,Good,10+,4,Autumn,113,0.0,0.0,0.0,12.666666666666666
CR00020,2025,11,16,0.0,Email Marketing,Marketing,Free,Intermediate,0.0,46.25,4.11,TC00042,Yolanda Levine,Machine Learning,21,4.97,Free,Long,Good,10+,4,Autumn,126,0.0,0.0,0.0,14.0
CR00020,2025,12,13,0.0,Email Marketing,Marketing,Free,Intermediate,0.0,46.25,4.11,TC00042,Yolanda Levine,Machine Learning,21,4.97,Free,Long,Good,10+,4,Winter,142,0.0,0.0,0.0,14.666666666666666
CR00021,2025,1,17,0.0,Data Analysis with Python,Data Science,Free,Intermediate,0.0,1.2,3.6,TC00042,Yolanda Levine,Machine Learning,21,4.97,Free,Short,Average,10+,1,Winter,0,0.0,0.0,0.0,14.5
CR00021,2025,2,8,0.0,Data Analysis with Python,Data Science,Free,Intermediate,0.0,1.2,3.6,TC00040,Kimberly Miller,Cybersecurity,24,4.58,Free,Short,Average,10+,1,Winter,17,0.0,0.0,0.0,16.5
CR00021,2025,3,18,0.0,Data Analysis with Python,Data Science,Free,Intermediate,0.0,1.2,3.6,TC00040,Kimberly Miller,Cybersecurity,24,4.58,Free,Short,Average,10+,1,Spring,25,0.0,0.0,0.0,12.5
CR00021,2025,4,17,0.0,Data Analysis with Python,Data Science,Free,Intermediate,0.0,1.2,3.6,TC00040,Kimberly Miller,Cybersecurity,24,4.58,Free,Short,Average,10+,2,Spring,43,0.0,0.0,0.0,14.333333333333334
CR00021,2025,5,18,0.0,Data Analysis with Python,Data Science,Free,Intermediate,0.0,1.2,3.6,TC00040,Kimberly Miller,Cybersecurity,24,4.58,Free,Short,Average,10+,2,Spring,60,0.0,0.0,0.0,14.333333333333334
CR00021,2025,6,9,0.0,Data Analysis with Python,Data Science,Free,Intermediate,0.0,1.2,3.6,TC00040,Kimberly Miller,Cybersecurity,24,4.58,Free,Short,Average,10+,2,Summer,78,0.0,0.0,0.0,17.666666666666668
CR00021,2025,7,23,0.0,Data Analysis with Python,Data Science,Free,Intermediate,0.0,1.2,3.6,TC00057,Brittany Scott,Data Science,7,3.44,Free,Short,Average,6-10 years,3,Summer,87,0.0,0.0,0.0,14.666666666666666
CR00021,2025,8,18,0.0,Data Analysis with Python,Data Science,Free,Intermediate,0.0,1.2,3.6,TC00042,Yolanda Levine,Machine Learning,21,4.97,Free,Short,Average,10+,3,Summer,110,0.0,0.0,0.0,16.666666666666668
CR00021,2025,9,19,0.0,Data Analysis with Python,Data Science,Free,Intermediate,0.0,1.2,3.6,TC00042,Yolanda Levine,Machine Learning,21,4.97,Free,Short,Average,10+,3,Autumn,128,0.0,0.0,0.0,16.666666666666668
CR00021,2025,10,12,0.0,Data Analysis with Python,Data Science,Free,Intermediate,0.0,1.2,3.6,TC00040,Kimberly Miller,Cybersecurity,24,4.58,Free,Short,Average,10+,4,Autumn,147,0.0,0.0,0.0,20.0
CR00021,2025,11,17,0.0,Data Analysis with Python,Data Science,Free,Intermediate,0.0,1.2,3.6,TC00042,Yolanda Levine,Machine Learning,21,4.97,Free,Short,Average,10+,4,Autumn,159,0.0,0.0,0.0,16.333333333333332
CR00021,2025,12,20,0.0,Data Analysis with Python,Data Science,Free,Intermediate,0.0,1.2,3.6,TC00040,Kimberly Miller,Cybersecurity,24,4.58,Free,Short,Average,10+,4,Winter,176,0.0,0.0,0.0,16.0
CR00022,2025,1,19,0.0,Data Visualization,Data Science,Free,Beginner,0.0,32.64,3.65,TC00042,Yolanda Levine,Machine Learning,21,4.97,Free,Medium,Average,10+,1,Winter,0,0.0,0.0,0.0,14.5
CR00022,2025,2,17,0.0,Data Visualization,Data Science,Free,Beginner,0.0,32.64,3.65,TC00040,Kimberly Miller,Cybersecurity,24,4.58,Free,Medium,Average,10+,1,Winter,19,0.0,0.0,0.0,18.0
CR00022,2025,3,18,0.0,Data Visualization,Data Science,Free,Beginner,0.0,32.64,3.65,TC00040,Kimberly Miller,Cybersecurity,24,4.58,Free,Medium,Average,10+,1,Spring,36,0.0,0.0,0.0,18.0
CR00022,2025,4,11,0.0,Data Visualization,Data Science,Free,Beginner,0.0,32.64,3.65,TC00040,Kimberly Miller,Cybersecurity,24,4.58,Free,Medium,Average,10+,2,Spring,54,0.0,0.0,0.0,18.0
CR00022,2025,5,13,0.0,Data Visualization,Data Science,Free,Beginner,0.0,32.64,3.65,TC00040,Kimberly Miller,Cybersecurity,24,4.58,Free,Medium,Average,10+,2,Spring,65,0.0,0.0,0.0,15.333333333333334
CR00022,2025,6,14,0.0,Data Visualization,Data Science,Free,Beginner,0.0,32.64,3.65,TC00042,Yolanda Levine,Machine Learning,21,4.97,Free,Medium,Average,10+,2,Summer,78,0.0,0.0,0.0,14.0
CR00022,2025,7,11,0.0,Data Visualization,Data Science,Free,Beginner,0.0,32.64,3.65,TC00040,Kimberly Miller,Cybersecurity,24,4.58,Free,Medium,Average,10+,3,Summer,92,0.0,0.0,0.0,12.666666666666666
CR00022,2025,8,15,0.0,Data Visualization,Data Science,Free,Beginner,0.0,32.64,3.65,TC00040,Kimberly Miller,Cybersecurity,24,4.58,Free,Medium,Average,10+,3,Summer,103,0.0,0.0,0.0,12.666666666666666
CR00022,2025,9,18,0.0,Data Visualization,Data Science,Free,Beginner,0.0,32.64,3.65,TC00042,Yolanda Levine,Machine Learning,21,4.97,Free,Medium,Average,10+,3,Autumn,118,0.0,0.0,0.0,13.333333333333334
CR00022,2025,10,15,0.0,Data Visualization,Data Science,Free,Beginner,0.0,32.64,3.65,TC00040,Kimberly Miller,Cybersecurity,24,4.58,Free,Medium,Average,10+,4,Autumn,136,0.0,0.0,0.0,14.666666666666666
CR00022,2025,11,12,0.0,Data Visualization,Data Science,Free,Beginner,0.0,32.64,3.65,TC00040,Kimberly Miller,Cybersecurity,24,4.58,Free,Medium,Average,10+,4,Autumn,151,0.0,0.0,0.0,16.0
CR00022,2025,12,14,0.0,Data Visualization,Data Science,Free,Beginner,0.0,32.64,3.65,TC00042,Yolanda Levine,Machine Learning,21,4.97,Free,Medium,Average,10+,4,Winter,163,0.0,0.0,0.0,15.0
CR00023,2025,1,15,0.0,Machine Learning Fundamentals,Data Science,Free,Intermediate,0.0,9.71,3.02,TC00042,Yolanda Levine,Machine Learning,21,4.97,Free,Short,Average,10+,1,Winter,0,0.0,0.0,0.0,13.5
CR00023,2025,2,18,0.0,Machine Learning Fundamentals,Data Science,Free,Intermediate,0.0,9.71,3.02,TC00040,Kimberly Miller,Cybersecurity,24,4.58,Free,Short,Average,10+,1,Winter,15,0.0,0.0,0.0,13.5
CR00023,2025,3,15,0.0,Machine Learning Fundamentals,Data Science,Free,Intermediate,0.0,9.71,3.02,TC00042,Yolanda Levine,Machine Learning,21,4.97,Free,Short,Average,10+,1,Spring,33,0.0,0.0,0.0,16.5
CR00023,2025,4,18,0.0,Machine Learning Fundamentals,Data Science,Free,Intermediate,0.0,9.71,3.02,TC00040,Kimberly Miller,Cybersecurity,24,4.58,Free,Short,Average,10+,2,Spring,48,0.0,0.0,0.0,16.0
CR00023,2025,5,16,0.0,Machine Learning Fundamentals,Data Science,Free,Intermediate,0.0,9.71,3.02,TC00042,Yolanda Levine,Machine Learning,21,4.97,Free,Short,Average,10+,2,Spring,66,0.0,0.0,0.0,17.0
CR00023,2025,6,17,0.0,Machine Learning Fundamentals,Data Science,Free,Intermediate,0.0,9.71,3.02,TC00042,Yolanda Levine,Machine Learning,21,4.97,Free,Short,Average,10+,2,Summer,82,0.0,0.0,0.0,16.333333333333332
CR00023,2025,7,22,0.0,Machine Learning Fundamentals,Data Science,Free,Intermediate,0.0,9.71,3.02,TC00040,Kimberly Miller,Cybersecurity,24,4.58,Free,Short,Average,10+,3,Summer,99,0.0,0.0,0.0,17.0
CR00023,2025,8,11,0.0,Machine Learning Fundamentals,Data Science,Free,Intermediate,0.0,9.71,3.02,TC00040,Kimberly Miller,Cybersecurity,24,4.58,Free,Short,Average,10+,3,Summer,121,0.0,0.0,0.0,18.333333333333332
CR00023,2025,9,11,0.0,Machine Learning Fundamentals,Data Science,Free,Intermediate,0.0,9.71,3.02,TC00040,Kimberly Miller,Cybersecurity,24,4.58,Free,Short,Average,10+,3,Autumn,132,0.0,0.0,0.0,16.666666666666668
CR00023,2025,10,12,0.0,Machine Learning Fundamentals,Data Science,Free,Intermediate,0.0,9.71,3.02,TC00042,Yolanda Levine,Machine Learning,21,4.97,Free,Short,Average,10+,4,Autumn,143,0.0,0.0,0.0,14.666666666666666
CR00023,2025,11,13,0.0,Machine Learning Fundamentals,Data Science,Free,Intermediate,0.0,9.71,3.02,TC00040,Kimberly Miller,Cybersecurity,24,4.58,Free,Short,Average,10+,4,Autumn,155,0.0,0.0,0.0,11.333333333333334
CR00023,2025,12,17,0.0,Machine Learning Fundamentals,Data Science,Free,Intermediate,0.0,9.71,3.02,TC00040,Kimberly Miller,Cybersecurity,24,4.58,Free,Short,Average,10+,4,Winter,168,0.0,0.0,0.0,12.0
CR00024,2025,1,9,1059.1200000000001,Big Data Analytics,Data Science,Paid,Advanced,117.68,48.09,2.57,TC00042,Yolanda Levine,Machine Learning,21,4.97,Low,Long,Average,10+,1,Winter,0,0.0,0.0,0.0,12.5
CR00024,2025,2,10,1176.8000000000002,Big Data Analytics,Data Science,Paid,Advanced,117.68,48.09,2.57,TC00016,David Carlson,Data Science,1,2.92,Low,Long,Average,0-2 years,1,Winter,9,1059.12,117.67999999999999,529.5599999999991,11.0
CR00024,2025,3,12,1412.16,Big Data Analytics,Data Science,Paid,Advanced,117.68,48.09,2.57,TC00042,Yolanda Levine,Machine Learning,21,4.97,Low,Long,Average,10+,1,Spring,19,1117.96,117.68,1117.9599999999991,9.5
CR00024,2025,4,11,1294.48,Big Data Analytics,Data Science,Paid,Advanced,117.68,48.09,2.57,TC00042,Yolanda Levine,Machine Learning,21,4.97,Low,Long,Average,10+,2,Spring,31,1216.0266666666669,117.68,1216.0266666666662,10.333333333333334
CR00024,2025,5,14,1647.52,Big Data Analytics,Data Science,Paid,Advanced,117.68,48.09,2.57,TC00040,Kimberly Miller,Cybersecurity,24,4.58,Low,Long,Average,10+,2,Spring,42,1235.6399999999999,117.67999999999999,1294.4799999999993,11.0
CR00024,2025,6,24,2824.32,Big Data Analytics,Data Science,Paid,Advanced,117.68,48.09,2.57,TC00040,Kimberly Miller,Cybersecurity,24,4.58,Low,Long,Average,10+,2,Summer,56,1318.0160000000003,117.68000000000004,1451.386666666666,12.333333333333334
CR00024,2025,7,16,1882.88,Big Data Analytics,Data Science,Paid,Advanced,117.68,48.09,2.57,TC00040,Kimberly Miller,Cybersecurity,24,4.58,Low,Long,Average,10+,3,Summer,80,1569.0666666666668,117.68000000000002,1922.106666666666,16.333333333333332
CR00024,2025,8,8,941.44,Big Data Analytics,Data Science,Paid,Advanced,117.68,48.09,2.57,TC00040,Kimberly Miller,Cybersecurity,24,4.58,Low,Long,Average,10+,3,Summer,96,1613.8971428571429,117.68,2118.24,18.0
CR00024,2025,9,17,2000.5600000000002,Big Data Analytics,Data Science,Paid,Advanced,117.68,48.09,2.57,TC00040,Kimberly Miller,Cybersecurity,24,4.58,Low,Long,Average,10+,3,Autumn,104,1529.8400000000001,117.68,1882.8799999999994,16.0
CR00024,2025,10,13,1529.8400000000001,Big Data Analytics,Data Science,Paid,Advanced,117.68,48.09,2.57,TC00042,Yolanda Levine,Machine Learning,21,4.97,Low,Long,Average,10+,4,Autumn,121,1582.1422222222222,117.68,1608.2933333333328,13.666666666666666
CR00024,2025,11,18,2118.2400000000002,Big Data Analytics,Data Science,Paid,Advanced,117.68,48.09,2.57,TC00040,Kimberly Miller,Cybersecurity,24,4.58,Low,Long,Average,10+,4,Autumn,134,1576.912,117.68,1490.6133333333328,12.666666666666666
CR00024,2025,12,14,1647.52,Big Data Analytics,Data Science,Paid,Advanced,117.68,48.09,2.57,TC00042,Yolanda Levine,Machine Learning,21,4.97,Low,Long,Average,10+,4,Winter,152,1626.1236363636365,117.68,1882.8799999999999,16.0
CR00025,2025,1,15,4493.55,Statistical Analysis,Data Science,Paid,Beginner,299.57,48.32,3.74,TC00040,Kimberly Miller,Cybersecurity,24,4.58,Medium,Long,Average,10+,1,Winter,0,0.0,0.0,1824.0399999999995,15.5
CR00025,2025,2,16,4793.12,Statistical Analysis,Data Science,Paid,Beginner,299.57,48.32,3.74,TC00042,Yolanda Levine,Machine Learning,21,4.97,Medium,Long,Average,10+,1,Winter,15,4493.55,299.57,3305.894999999999,16.5
CR00025,2025,3,19,5691.83,Statistical Analysis,Data Science,Paid,Beginner,299.57,48.32,3.74,TC00042,Yolanda Levine,Machine Learning,21,4.97,Medium,Long,Average,10+,1,Spring,31,4643.335,299.57,4643.334999999999,15.5
CR00025,2025,4,23,6890.11,Statistical Analysis,Data Science,Paid,Beginner,299.57,48.32,3.74,TC00040,Kimberly Miller,Cybersecurity,24,4.58,Medium,Long,Average,10+,2,Spring,50,4992.833333333333,299.57,4992.833333333333,16.666666666666668
CR00025,2025,5,24,7189.68,Statistical Analysis,Data Science,Paid,Beginner,299.57,48.32,3.74,TC00040,Kimberly Miller,Cybersecurity,24,4.58,Medium,Long,Average,10+,2,Spring,73,5467.1525,299.57,5791.686666666666,19.333333333333332
CR00025,2025,6,9,2696.13,Statistical Analysis,Data Science,Paid,Beginner,299.57,48.32,3.74,TC00042,Yolanda Levine,Machine Learning,21,4.97,Medium,Long,Average,10+,2,Summer,97,5811.657999999999,299.57,6590.54,22.0
CR00025,2025,7,10,2995.7,Statistical Analysis,Data Science,Paid,Beginner,299.57,48.32,3.74,TC00040,Kimberly Miller,Cybersecurity,24,4.58,Medium,Long,Average,10+,3,Summer,106,5292.403333333334,299.57,5591.973333333332,18.666666666666668
CR00025,2025,8,15,4493.55,Statistical Analysis,Data Science,Paid,Beginner,299.57,48.32,3.74,TC00040,Kimberly Miller,Cybersecurity,24,4.58,Medium,Long,Average,10+,3,Summer,116,4964.302857142857,299.56999999999994,4293.836666666666,14.333333333333334
CR00025,2025,9,20,5991.4,Statistical Analysis,Data Science,Paid,Beginner,299.57,48.32,3.74,TC00040,Kimberly Miller,Cybersecurity,24,4.58,Medium,Long,Average,10+,3,Autumn,131,4905.45875,299.57,3395.1266666666656,11.333333333333334
CR00025,2025,10,12,3594.84,Statistical Analysis,Data Science,Paid,Beginner,299.57,48.32,3.74,TC00042,Yolanda Levine,Machine Learning,21,4.97,Medium,Long,Average,10+,4,Autumn,151,5026.11888888889,299.57000000000005,4493.549999999999,15.0
CR00025,2025,11,13,3894.41,Statistical Analysis,Data Science,Paid,Beginner,299.57,48.32,3.74,TC00040,Kimberly Miller,Cybersecurity,24,4.58,Medium,Long,Average,10+,4,Autumn,163,4882.991,299.57,4693.263333333332,15.666666666666666
CR00025,2025,12,16,4793.12,Statistical Analysis,Data Science,Paid,Beginner,299.57,48.32,3.74,TC00042,Yolanda Levine,Machine Learning,21,4.97,Medium,Long,Average,10+,4,Winter,176,4793.12,299.57,4493.549999999999,15.0
CR00026,2025,1,14,0.0,Intro to Machine Learning,Machine Learning,Free,Intermediate,0.0,47.7,4.73,TC00042,Yolanda Levine,Machine Learning,21,4.97,Free,Long,Excellent,10+,1,Winter,0,0.0,0.0,3744.624999999999,12.5
CR00026,2025,2,16,0.0,Intro to Machine Learning,Machine Learning,Free,Intermediate,0.0,47.7,4.73,TC00049,Valerie Wiley,Machine Learning,6,3.46,Free,Long,Excellent,6-10 years,1,Winter,14,0.0,0.0,1947.204999999999,13.5
CR00026,2025,3,11,0.0,Intro to Machine Learning,Machine Learning,Free,Intermediate,0.0,47.7,4.73,TC00042,Yolanda Levine,Machine Learning,21,4.97,Free,Long,Excellent,10+,1,Spring,30,0.0,0.0,0.0,15.0
CR00026,2025,4,14,0.0,Intro to Machine Learning,Machine Learning,Free,Intermediate,0.0,47.7,4.73,TC00042,Yolanda Levine,Machine Learning,21,4.97,Free,Long,Excellent,10+,2,Spring,41,0.0,0.0,0.0,13.666666666666666
CR00026,2025,5,16,0.0,Intro to Machine Learning,Machine Learning,Free,Intermediate,0.0,47.7,4.73,TC00042,Yolanda Levine,Machine Learning,21,4.97,Free,Long,Excellent,10+,2,Spring,55,0.0,0.0,0.0,13.666666666666666
CR00026,2025,6,15,0.0,Intro to Machine Learning,Machine Learning,Free,Intermediate,0.0,47.7,4.73,TC00042,Yolanda Levine,Machine Learning,21,4.97,Free,Long,Excellent,10+,2,Summer,71,0.0,0.0,0.0,13.666666666666666
CR00026,2025,7,15,0.0,Intro to Machine Learning,Machine Learning,Free,Intermediate,0.0,47.7,4.73,TC00042,Yolanda Levine,Machine Learning,21,4.97,Free,Long,Excellent,10+,3,Summer,86,0.0,0.0,0.0,15.0
CR00026,2025,8,18,0.0,Intro to Machine Learning,Machine Learning,Free,Intermediate,0.0,47.7,4.73,TC00042,Yolanda Levine,Machine Learning,21,4.97,Free,Long,Excellent,10+,3,Summer,101,0.0,0.0,0.0,15.333333333333334
CR00026,2025,9,20,0.0,Intro to Machine Learning,Machine Learning,Free,Intermediate,0.0,47.7,4.73,TC00042,Yolanda Levine,Machine Learning,21,4.97,Free,Long,Excellent,10+,3,Autumn,119,0.0,0.0,0.0,16.0
CR00026,2025,10,12,0.0,Intro to Machine Learning,Machine Learning,Free,Intermediate,0.0,47.7,4.73,TC00042,Yolanda Levine,Machine Learning,21,4.97,Free,Long,Excellent,10+,4,Autumn,139,0.0,0.0,0.0,17.666666666666668
CR00026,2025,11,11,0.0,Intro to Machine Learning,Machine Learning,Free,Intermediate,0.0,47.7,4.73,TC00042,Yolanda Levine,Machine Learning,21,4.97,Free,Long,Excellent,10+,4,Autumn,151,0.0,0.0,0.0,16.666666666666668
CR00026,2025,12,10,0.0,Intro to Machine Learning,Machine Learning,Free,Intermediate,0.0,47.7,4.73,TC00042,Yolanda Levine,Machine Learning,21,4.97,Free,Long,Excellent,10+,4,Winter,162,0.0,0.0,0.0,14.333333333333334
CR00027,2025,1,13,0.0,Neural Networks,Machine Learning,Free,Advanced,0.0,9.3,1.81,TC00049,Valerie Wiley,Machine Learning,6,3.46,Free,Short,Average,6-10 years,1,Winter,0,0.0,0.0,0.0,11.5
CR00027,2025,2,12,0.0,Neural Networks,Machine Learning,Free,Advanced,0.0,9.3,1.81,TC00042,Yolanda Levine,Machine Learning,21,4.97,Free,Short,Average,10+,1,Winter,13,0.0,0.0,0.0,12.0
CR00027,2025,3,8,0.0,Neural Networks,Machine Learning,Free,Advanced,0.0,9.3,1.81,TC00042,Yolanda Levine,Machine Learning,21,4.97,Free,Short,Average,10+,1,Spring,25,0.0,0.0,0.0,12.5
CR00027,2025,4,10,0.0,Neural Networks,Machine Learning,Free,Advanced,0.0,9.3,1.81,TC00049,Valerie Wiley,Machine Learning,6,3.46,Free,Short,Average,6-10 years,2,Spring,33,0.0,0.0,0.0,11.0
CR00027,2025,5,16,0.0,Neural Networks,Machine Learning,Free,Advanced,0.0,9.3,1.81,TC00042,Yolanda Levine,Machine Learning,21,4.97,Free,Short,Average,10+,2,Spring,43,0.0,0.0,0.0,10.0
CR00027,2025,6,13,0.0,Neural Networks,Machine Learning,Free,Advanced,0.0,9.3,1.81,TC00042,Yolanda Levine,Machine Learning,21,4.97,Free,Short,Average,10+,2,Summer,59,0.0,0.0,0.0,11.333333333333334
CR00027,2025,7,14,0.0,Neural Networks,Machine Learning,Free,Advanced,0.0,9.3,1.81,TC00042,Yolanda Levine,Machine Learning,21,4.97,Free,Short,Average,10+,3,Summer,72,0.0,0.0,0.0,13.0
CR00027,2025,8,18,0.0,Neural Networks,Machine Learning,Free,Advanced,0.0,9.3,1.81,TC00042,Yolanda Levine,Machine Learning,21,4.97,Free,Short,Average,10+,3,Summer,86,0.0,0.0,0.0,14.333333333333334
CR00027,2025,9,10,0.0,Neural Networks,Machine Learning,Free,Advanced,0.0,9.3,1.81,TC00042,Yolanda Levine,Machine Learning,21,4.97,Free,Short,Average,10+,3,Autumn,104,0.0,0.0,0.0,15.0
CR00027,2025,10,10,0.0,Neural Networks,Machine Learning,Free,Advanced,0.0,9.3,1.81,TC00042,Yolanda Levine,Machine Learning,21,4.97,Free,Short,Average,10+,4,Autumn,114,0.0,0.0,0.0,14.0
CR00027,2025,11,18,0.0,Neural Networks,Machine Learning,Free,Advanced,0.0,9.3,1.81,TC00042,Yolanda Levine,Machine Learning,21,4.97,Free,Short,Average,10+,4,Autumn,124,0.0,0.0,0.0,12.666666666666666
CR00027,2025,12,10,0.0,Neural Networks,Machine Learning,Free,Advanced,0.0,9.3,1.81,TC00042,Yolanda Levine,Machine Learning,21,4.97,Free,Short,Average,10+,4,Winter,142,0.0,0.0,0.0,12.666666666666666
CR00028,2025,1,17,13.26,Deep Learning,Machine Learning,Paid,Advanced,0.78,44.96,3.89,TC00042,Yolanda Levine,Machine Learning,21,4.97,Low,Long,Average,10+,1,Winter,0,0.0,0.0,0.0,14.0
CR00028,2025,2,10,7.800000000000001,Deep Learning,Machine Learning,Paid,Advanced,0.78,44.96,3.89,TC00042,Yolanda Levine,Machine Learning,21,4.97,Low,Long,Average,10+,1,Winter,17,13.260000000000002,0.7800000000000001,6.62999999999909,17.5
CR00028,2025,3,20,15.600000000000001,Deep Learning,Machine Learning,Paid,Advanced,0.78,44.96,3.89,TC00042,Yolanda Levine,Machine Learning,21,4.97,Low,Long,Average,10+,1,Spring,27,10.530000000000001,0.7800000000000001,10.529999999999092,13.5
CR00028,2025,4,16,12.48,Deep Learning,Machine Learning,Paid,Advanced,0.78,44.96,3.89,TC00042,Yolanda Levine,Machine Learning,21,4.97,Low,Long,Average,10+,2,Spring,47,12.219999999999999,0.7799999999999999,12.219999999999395,15.666666666666666
CR00028,2025,5,15,11.700000000000001,Deep Learning,Machine Learning,Paid,Advanced,0.78,44.96,3.89,TC00042,Yolanda Levine,Machine Learning,21,4.97,Low,Long,Average,10+,2,Spring,63,12.285,0.78,11.959999999999395,15.333333333333334
CR00028,2025,6,16,12.48,Deep Learning,Machine Learning,Paid,Advanced,0.78,44.96,3.89,TC00042,Yolanda Levine,Machine Learning,21,4.97,Low,Long,Average,10+,2,Summer,78,12.168000000000001,0.78,13.259999999999394,17.0
CR00028,2025,7,16,12.48,Deep Learning,Machine Learning,Paid,Advanced,0.78,44.96,3.89,TC00042,Yolanda Levine,Machine Learning,21,4.97,Low,Long,Average,10+,3,Summer,94,12.22,0.78,12.219999999999393,15.666666666666666
CR00028,2025,8,15,11.700000000000001,Deep Learning,Machine Learning,Paid,Advanced,0.78,44.96,3.89,TC00042,Yolanda Levine,Machine Learning,21,4.97,Low,Long,Average,10+,3,Summer,110,12.257142857142856,0.78,12.219999999999395,15.666666666666666
CR00028,2025,9,16,12.48,Deep Learning,Machine Learning,Paid,Advanced,0.78,44.96,3.89,TC00042,Yolanda Levine,Machine Learning,21,4.97,Low,Long,Average,10+,3,Autumn,125,12.1875,0.78,12.219999999999395,15.666666666666666
CR00028,2025,10,10,7.800000000000001,Deep Learning,Machine Learning,Paid,Advanced,0.78,44.96,3.89,TC00042,Yolanda Levine,Machine Learning,21,4.97,Low,Long,Average,10+,4,Autumn,141,12.22,0.78,12.219999999999395,15.666666666666666
CR00028,2025,11,9,7.0200000000000005,Deep Learning,Machine Learning,Paid,Advanced,0.78,44.96,3.89,TC00042,Yolanda Levine,Machine Learning,21,4.97,Low,Long,Average,10+,4,Autumn,151,11.778000000000002,0.7800000000000001,10.659999999999394,13.666666666666666
CR00028,2025,12,11,8.58,Deep Learning,Machine Learning,Paid,Advanced,0.78,44.96,3.89,TC00042,Yolanda Levine,Machine Learning,21,4.97,Low,Long,Average,10+,4,Winter,160,11.345454545454546,0.78,9.099999999999394,11.666666666666666
CR00029,2025,1,14,0.0,Natural Language Processing,Machine Learning,Free,Beginner,0.0,16.33,1.13,TC00042,Yolanda Levine,Machine Learning,21,4.97,Free,Medium,Average,10+,1,Winter,0,0.0,0.0,7.4099999999990915,9.5
CR00029,2025,2,9,0.0,Natural Language Processing,Machine Learning,Free,Beginner,0.0,16.33,1.13,TC00042,Yolanda Levine,Machine Learning,21,4.97,Free,Medium,Average,10+,1,Winter,14,0.0,0.0,3.5099999999990907,11.5
CR00029,2025,3,11,0.0,Natural Language Processing,Machine Learning,Free,Beginner,0.0,16.33,1.13,TC00042,Yolanda Levine,Machine Learning,21,4.97,Free,Medium,Average,10+,1,Spring,23,0.0,0.0,0.0,11.5
CR00029,2025,4,15,0.0,Natural Language Processing,Machine Learning,Free,Beginner,0.0,16.33,1.13,TC00042,Yolanda Levine,Machine Learning,21,4.97,Free,Medium,Average,10+,2,Spring,34,0.0,0.0,0.0,11.333333333333334
CR00029,2025,5,15,0.0,Natural Language Processing,Machine Learning,Free,Beginner,0.0,16.33,1.13,TC00038,Jeffrey Clark,Digital Marketing,1,2.38,Free,Medium,Average,0-2 years,2,Spring,49,0.0,0.0,0.0,11.666666666666666
CR00029,2025,6,16,0.0,Natural Language Processing,Machine Learning,Free,Beginner,0.0,16.33,1.13,TC00026,Patrick Wilson,Web Development,1,2.83,Free,Medium,Average,0-2 years,2,Summer,64,0.0,0.0,0.0,13.666666666666666
CR00029,2025,7,9,0.0,Natural Language Processing,Machine Learning,Free,Beginner,0.0,16.33,1.13,TC00042,Yolanda Levine,Machine Learning,21,4.97,Free,Medium,Average,10+,3,Summer,80,0.0,0.0,0.0,15.333333333333334
CR00029,2025,8,13,0.0,Natural Language Processing,Machine Learning,Free,Beginner,0.0,16.33,1.13,TC00042,Yolanda Levine,Machine Learning,21,4.97,Free,Medium,Average,10+,3,Summer,89,0.0,0.0,0.0,13.333333333333334
CR00029,2025,9,21,0.0,Natural Language Processing,Machine Learning,Free,Beginner,0.0,16.33,1.13,TC00049,Valerie Wiley,Machine Learning,6,3.46,Free,Medium,Average,6-10 years,3,Autumn,102,0.0,0.0,0.0,12.666666666666666
CR00029,2025,10,14,0.0,Natural Language Processing,Machine Learning,Free,Beginner,0.0,16.33,1.13,TC00042,Yolanda Levine,Machine Learning,21,4.97,Free,Medium,Average,10+,4,Autumn,123,0.0,0.0,0.0,14.333333333333334
CR00029,2025,11,8,0.0,Natural Language Processing,Machine Learning,Free,Beginner,0.0,16.33,1.13,TC00042,Yolanda Levine,Machine Learning,21,4.97,Free,Medium,Average,10+,4,Autumn,137,0.0,0.0,0.0,16.0
CR00029,2025,12,10,0.0,Natural Language Processing,Machine Learning,Free,Beginner,0.0,16.33,1.13,TC00049,Valerie Wiley,Machine Learning,6,3.46,Free,Medium,Average,6-10 years,4,Winter,145,0.0,0.0,0.0,14.333333333333334
CR00030,2025,1,12,0.0,Reinforcement Learning,Machine Learning,Free,Intermediate,0.0,38.49,1.73,TC00042,Yolanda Levine,Machine Learning,21,4.97,Free,Long,Average,10+,1,Winter,0,0.0,0.0,0.0,11.0
CR00030,2025,2,9,0.0,Reinforcement Learning,Machine Learning,Free,Intermediate,0.0,38.49,1.73,TC00049,Valerie Wiley,Machine Learning,6,3.46,Free,Long,Average,6-10 years,1,Winter,12,0.0,0.0,0.0,10.0
CR00030,2025,3,12,0.0,Reinforcement Learning,Machine Learning,Free,Intermediate,0.0,38.49,1.73,TC00042,Yolanda Levine,Machine Learning,21,4.97,Free,Long,Average,10+,1,Spring,21,0.0,0.0,0.0,10.5
CR00030,2025,4,13,0.0,Reinforcement Learning,Machine Learning,Free,Intermediate,0.0,38.49,1.73,TC00042,Yolanda Levine,Machine Learning,21,4.97,Free,Long,Average,10+,2,Spring,33,0.0,0.0,0.0,11.0
CR00030,2025,5,12,0.0,Reinforcement Learning,Machine Learning,Free,Intermediate,0.0,38.49,1.73,TC00042,Yolanda Levine,Machine Learning,21,4.97,Free,Long,Average,10+,2,Spring,46,0.0,0.0,0.0,11.333333333333334
CR00030,2025,6,15,0.0,Reinforcement Learning,Machine Learning,Free,Intermediate,0.0,38.49,1.73,TC00042,Yolanda Levine,Machine Learning,21,4.97,Free,Long,Average,10+,2,Summer,58,0.0,0.0,0.0,12.333333333333334
CR00030,2025,7,10,0.0,Reinforcement Learning,Machine Learning,Free,Intermediate,0.0,38.49,1.73,TC00042,Yolanda Levine,Machine Learning,21,4.97,Free,Long,Average,10+,3,Summer,73,0.0,0.0,0.0,13.333333333333334
CR00030,2025,8,16,0.0,Reinforcement Learning,Machine Learning,Free,Intermediate,0.0,38.49,1.73,TC00042,Yolanda Levine,Machine Learning,21,4.97,Free,Long,Average,10+,3,Summer,83,0.0,0.0,0.0,12.333333333333334
CR00030,2025,9,20,0.0,Reinforcement Learning,Machine Learning,Free,Intermediate,0.0,38.49,1.73,TC00042,Yolanda Levine,Machine Learning,21,4.97,Free,Long,Average,10+,3,Autumn,99,0.0,0.0,0.0,13.666666666666666
CR00030,2025,10,12,0.0,Reinforcement Learning,Machine Learning,Free,Intermediate,0.0,38.49,1.73,TC00042,Yolanda Levine,Machine Learning,21,4.97,Free,Long,Average,10+,4,Autumn,119,0.0,0.0,0.0,15.333333333333334
CR00030,2025,11,14,0.0,Reinforcement Learning,Machine Learning,Free,Intermediate,0.0,38.49,1.73,TC00042,Yolanda Levine,Machine Learning,21,4.97,Free,Long,Average,10+,4,Autumn,131,0.0,0.0,0.0,16.0
CR00030,2025,12,24,0.0,Reinforcement Learning,Machine Learning,Free,Intermediate,0.0,38.49,1.73,TC00042,Yolanda Levine,Machine Learning,21,4.97,Free,Long,Average,10+,4,Winter,145,0.0,0.0,0.0,15.333333333333334
CR00031,2025,1,10,0.0,Network Security,Cybersecurity,Free,Intermediate,0.0,26.52,1.91,TC00040,Kimberly Miller,Cybersecurity,24,4.58,Free,Medium,Average,10+,1,Winter,0,0.0,0.0,0.0,13.0
CR00031,2025,2,12,0.0,Network Security,Cybersecurity,Free,Intermediate,0.0,26.52,1.91,TC00040,Kimberly Miller,Cybersecurity,24,4.58,Free,Medium,Average,10+,1,Winter,10,0.0,0.0,0.0,12.0
CR00031,2025,3,9,0.0,Network Security,Cybersecurity,Free,Intermediate,0.0,26.52,1.91,TC00040,Kimberly Miller,Cybersecurity,24,4.58,Free,Medium,Average,10+,1,Spring,22,0.0,0.0,0.0,11.0
CR00031,2025,4,10,0.0,Network Security,Cybersecurity,Free,Intermediate,0.0,26.52,1.91,TC00040,Kimberly Miller,Cybersecurity,24,4.58,Free,Medium,Average,10+,2,Spring,31,0.0,0.0,0.0,10.333333333333334
CR00031,2025,5,13,0.0,Network Security,Cybersecurity,Free,Intermediate,0.0,26.52,1.91,TC00040,Kimberly Miller,Cybersecurity,24,4.58,Free,Medium,Average,10+,2,Spring,41,0.0,0.0,0.0,10.333333333333334
CR00031,2025,6,17,0.0,Network Security,Cybersecurity,Free,Intermediate,0.0,26.52,1.91,TC00040,Kimberly Miller,Cybersecurity,24,4.58,Free,Medium,Average,10+,2,Summer,54,0.0,0.0,0.0,10.666666666666666
CR00031,2025,7,18,0.0,Network Security,Cybersecurity,Free,Intermediate,0.0,26.52,1.91,TC00040,Kimberly Miller,Cybersecurity,24,4.58,Free,Medium,Average,10+,3,Summer,71,0.0,0.0,0.0,13.333333333333334
CR00031,2025,8,14,0.0,Network Security,Cybersecurity,Free,Intermediate,0.0,26.52,1.91,TC00040,Kimberly Miller,Cybersecurity,24,4.58,Free,Medium,Average,10+,3,Summer,89,0.0,0.0,0.0,16.0
CR00031,2025,9,15,0.0,Network Security,Cybersecurity,Free,Intermediate,0.0,26.52,1.91,TC00040,Kimberly Miller,Cybersecurity,24,4.58,Free,Medium,Average,10+,3,Autumn,103,0.0,0.0,0.0,16.333333333333332
CR00031,2025,10,17,0.0,Network Security,Cybersecurity,Free,Intermediate,0.0,26.52,1.91,TC00040,Kimberly Miller,Cybersecurity,24,4.58,Free,Medium,Average,10+,4,Autumn,118,0.0,0.0,0.0,15.666666666666666
CR00031,2025,11,13,0.0,Network Security,Cybersecurity,Free,Intermediate,0.0,26.52,1.91,TC00040,Kimberly Miller,Cybersecurity,24,4.58,Free,Medium,Average,10+,4,Autumn,135,0.0,0.0,0.0,15.333333333333334
CR00031,2025,12,12,0.0,Network Security,Cybersecurity,Free,Intermediate,0.0,26.52,1.91,TC00040,Kimberly Miller,Cybersecurity,24,4.58,Free,Medium,Average,10+,4,Winter,148,0.0,0.0,0.0,15.0
CR00032,2025,1,12,0.0,Ethical Hacking,Cybersecurity,Free,Advanced,0.0,16.74,2.38,TC00040,Kimberly Miller,Cybersecurity,24,4.58,Free,Medium,Average,10+,1,Winter,0,0.0,0.0,0.0,15.0
CR00032,2025,2,10,0.0,Ethical Hacking,Cybersecurity,Free,Advanced,0.0,16.74,2.38,TC00040,Kimberly Miller,Cybersecurity,24,4.58,Free,Medium,Average,10+,1,Winter,12,0.0,0.0,0.0,12.5
CR00032,2025,3,13,0.0,Ethical Hacking,Cybersecurity,Free,Advanced,0.0,16.74,2.38,TC00040,Kimberly Miller,Cybersecurity,24,4.58,Free,Medium,Average,10+,1,Spring,22,0.0,0.0,0.0,11.0
CR00032,2025,4,19,0.0,Ethical Hacking,Cybersecurity,Free,Advanced,0.0,16.74,2.38,TC00040,Kimberly Miller,Cybersecurity,24,4.58,Free,Medium,Average,10+,2,Spring,35,0.0,0.0,0.0,11.666666666666666
CR00032,2025,5,11,0.0,Ethical Hacking,Cybersecurity,Free,Advanced,0.0,16.74,2.38,TC00040,Kimberly Miller,Cybersecurity,24,4.58,Free,Medium,Average,10+,2,Spring,54,0.0,0.0,0.0,14.0
CR00032,2025,6,15,0.0,Ethical Hacking,Cybersecurity,Free,Advanced,0.0,16.74,2.38,TC00040,Kimberly Miller,Cybersecurity,24,4.58,Free,Medium,Average,10+,2,Summer,65,0.0,0.0,0.0,14.333333333333334
CR00032,2025,7,15,0.0,Ethical Hacking,Cybersecurity,Free,Advanced,0.0,16.74,2.38,TC00032,James Holder,Cybersecurity,1,3.11,Free,Medium,Average,0-2 years,3,Summer,80,0.0,0.0,0.0,15.0
CR00032,2025,8,15,0.0,Ethical Hacking,Cybersecurity,Free,Advanced,0.0,16.74,2.38,TC00040,Kimberly Miller,Cybersecurity,24,4.58,Free,Medium,Average,10+,3,Summer,95,0.0,0.0,0.0,13.666666666666666
CR00032,2025,9,10,0.0,Ethical Hacking,Cybersecurity,Free,Advanced,0.0,16.74,2.38,TC00040,Kimberly Miller,Cybersecurity,24,4.58,Free,Medium,Average,10+,3,Autumn,110,0.0,0.0,0.0,15.0
CR00032,2025,10,16,0.0,Ethical Hacking,Cybersecurity,Free,Advanced,0.0,16.74,2.38,TC00040,Kimberly Miller,Cybersecurity,24,4.58,Free,Medium,Average,10+,4,Autumn,120,0.0,0.0,0.0,13.333333333333334
CR00032,2025,11,12,0.0,Ethical Hacking,Cybersecurity,Free,Advanced,0.0,16.74,2.38,TC00040,Kimberly Miller,Cybersecurity,24,4.58,Free,Medium,Average,10+,4,Autumn,136,0.0,0.0,0.0,13.666666666666666
CR00032,2025,12,15,0.0,Ethical Hacking,Cybersecurity,Free,Advanced,0.0,16.74,2.38,TC00040,Kimberly Miller,Cybersecurity,24,4.58,Free,Medium,Average,10+,4,Winter,148,0.0,0.0,0.0,12.666666666666666
CR00033,2025,1,12,0.0,Cybersecurity Fundamentals,Cybersecurity,Free,Intermediate,0.0,48.25,3.93,TC00032,James Holder,Cybersecurity,1,3.11,Free,Long,Average,0-2 years,1,Winter,0,0.0,0.0,0.0,14.0
CR00033,2025,2,17,0.0,Cybersecurity Fundamentals,Cybersecurity,Free,Intermediate,0.0,48.25,3.93,TC00040,Kimberly Miller,Cybersecurity,24,4.58,Free,Long,Average,10+,1,Winter,12,0.0,0.0,0.0,12.0
CR00033,2025,3,12,0.0,Cybersecurity Fundamentals,Cybersecurity,Free,Intermediate,0.0,48.25,3.93,TC00040,Kimberly Miller,Cybersecurity,24,4.58,Free,Long,Average,10+,1,Spring,29,0.0,0.0,0.0,14.5
CR00033,2025,4,17,0.0,Cybersecurity Fundamentals,Cybersecurity,Free,Intermediate,0.0,48.25,3.93,TC00040,Kimberly Miller,Cybersecurity,24,4.58,Free,Long,Average,10+,2,Spring,41,0.0,0.0,0.0,13.666666666666666
CR00033,2025,5,17,0.0,Cybersecurity Fundamentals,Cybersecurity,Free,Intermediate,0.0,48.25,3.93,TC00040,Kimberly Miller,Cybersecurity,24,4.58,Free,Long,Average,10+,2,Spring,58,0.0,0.0,0.0,15.333333333333334
CR00033,2025,6,16,0.0,Cybersecurity Fundamentals,Cybersecurity,Free,Intermediate,0.0,48.25,3.93,TC00040,Kimberly Miller,Cybersecurity,24,4.58,Free,Long,Average,10+,2,Summer,75,0.0,0.0,0.0,15.333333333333334
CR00033,2025,7,14,0.0,Cybersecurity Fundamentals,Cybersecurity,Free,Intermediate,0.0,48.25,3.93,TC00040,Kimberly Miller,Cybersecurity,24,4.58,Free,Long,Average,10+,3,Summer,91,0.0,0.0,0.0,16.666666666666668
CR00033,2025,8,17,0.0,Cybersecurity Fundamentals,Cybersecurity,Free,Intermediate,0.0,48.25,3.93,TC00040,Kimberly Miller,Cybersecurity,24,4.58,Free,Long,Average,10+,3,Summer,105,0.0,0.0,0.0,15.666666666666666
CR00033,2025,9,13,0.0,Cybersecurity Fundamentals,Cybersecurity,Free,Intermediate,0.0,48.25,3.93,TC00040,Kimberly Miller,Cybersecurity,24,4.58,Free,Long,Average,10+,3,Autumn,122,0.0,0.0,0.0,15.666666666666666
CR00033,2025,10,7,0.0,Cybersecurity Fundamentals,Cybersecurity,Free,Intermediate,0.0,48.25,3.93,TC00040,Kimberly Miller,Cybersecurity,24,4.58,Free,Long,Average,10+,4,Autumn,135,0.0,0.0,0.0,14.666666666666666
CR00033,2025,11,14,0.0,Cybersecurity Fundamentals,Cybersecurity,Free,Intermediate,0.0,48.25,3.93,TC00040,Kimberly Miller,Cybersecurity,24,4.58,Free,Long,Average,10+,4,Autumn,142,0.0,0.0,0.0,12.333333333333334
CR00033,2025,12,11,0.0,Cybersecurity Fundamentals,Cybersecurity,Free,Intermediate,0.0,48.25,3.93,TC00032,James Holder,Cybersecurity,1,3.11,Free,Long,Average,0-2 years,4,Winter,156,0.0,0.0,0.0,11.333333333333334
CR00034,2025,1,12,4731.12,Data Encryption,Cybersecurity,Paid,Intermediate,394.26,47.44,1.35,TC00040,Kimberly Miller,Cybersecurity,24,4.58,High,Long,Average,10+,1,Winter,0,0.0,0.0,0.0,10.5
CR00034,2025,2,10,3942.6,Data Encryption,Cybersecurity,Paid,Intermediate,394.26,47.44,1.35,TC00040,Kimberly Miller,Cybersecurity,24,4.58,High,Long,Average,10+,1,Winter,12,4731.119999999999,394.25999999999993,2365.559999999999,13.0
CR00034,2025,3,9,3548.34,Data Encryption,Cybersecurity,Paid,Intermediate,394.26,47.44,1.35,TC00040,Kimberly Miller,Cybersecurity,24,4.58,High,Long,Average,10+,1,Spring,22,4336.86,394.26,4336.859999999999,11.0
CR00034,2025,4,13,5125.38,Data Encryption,Cybersecurity,Paid,Intermediate,394.26,47.44,1.35,TC00040,Kimberly Miller,Cybersecurity,24,4.58,High,Long,Average,10+,2,Spring,31,4074.0200000000004,394.26000000000005,4074.019999999999,10.333333333333334
CR00034,2025,5,10,3942.6,Data Encryption,Cybersecurity,Paid,Intermediate,394.26,47.44,1.35,TC00006,Rebecca Webb,Cybersecurity,14,3.36,High,Long,Average,10+,2,Spring,44,4336.860000000001,394.26000000000005,4205.44,10.666666666666666
CR00034,2025,6,15,5913.9,Data Encryption,Cybersecurity,Paid,Intermediate,394.26,47.44,1.35,TC00040,Kimberly Miller,Cybersecurity,24,4.58,High,Long,Average,10+,2,Summer,54,4258.008,394.26,4205.44,10.666666666666666
CR00034,2025,7,9,3548.34,Data Encryption,Cybersecurity,Paid,Intermediate,394.26,47.44,1.35,TC00040,Kimberly Miller,Cybersecurity,24,4.58,High,Long,Average,10+,3,Summer,69,4533.99,394.26,4993.959999999999,12.666666666666666
CR00034,2025,8,16,6308.16,Data Encryption,Cybersecurity,Paid,Intermediate,394.26,47.44,1.35,TC00006,Rebecca Webb,Cybersecurity,14,3.36,High,Long,Average,10+,3,Summer,78,4393.182857142858,394.26000000000005,4468.28,11.333333333333334
CR00034,2025,9,15,5913.9,Data Encryption,Cybersecurity,Paid,Intermediate,394.26,47.44,1.35,TC00040,Kimberly Miller,Cybersecurity,24,4.58,High,Long,Average,10+,3,Autumn,94,4632.554999999999,394.25999999999993,5256.799999999999,13.333333333333334
CR00034,2025,10,5,1971.3,Data Encryption,Cybersecurity,Paid,Intermediate,394.26,47.44,1.35,TC00059,Noah Stewart,Cybersecurity,6,3.82,High,Long,Average,6-10 years,4,Autumn,109,4774.926666666666,394.26,5256.799999999999,13.333333333333334
CR00034,2025,11,21,8279.46,Data Encryption,Cybersecurity,Paid,Intermediate,394.26,47.44,1.35,TC00040,Kimberly Miller,Cybersecurity,24,4.58,High,Long,Average,10+,4,Autumn,114,4494.564,394.26,4731.119999999999,12.0
CR00034,2025,12,15,5913.9,Data Encryption,Cybersecurity,Paid,Intermediate,394.26,47.44,1.35,TC00040,Kimberly Miller,Cybersecurity,24,4.58,High,Long,Average,10+,4,Winter,135,4838.645454545454,394.26,5388.219999999998,13.666666666666666
CR00035,2025,1,13,0.0,Cyber Threat Intelligence,Cybersecurity,Free,Beginner,0.0,42.59,4.94,TC00040,Kimberly Miller,Cybersecurity,24,4.58,Free,Long,Excellent,10+,1,Winter,0,0.0,0.0,5125.379999999998,13.0
CR00035,2025,2,12,0.0,Cyber Threat Intelligence,Cybersecurity,Free,Beginner,0.0,42.59,4.94,TC00040,Kimberly Miller,Cybersecurity,24,4.58,Free,Long,Excellent,10+,1,Winter,13,0.0,0.0,4139.729999999999,17.0
CR00035,2025,3,19,0.0,Cyber Threat Intelligence,Cybersecurity,Free,Beginner,0.0,42.59,4.94,TC00040,Kimberly Miller,Cybersecurity,24,4.58,Free,Long,Excellent,10+,1,Spring,25,0.0,0.0,0.0,12.5
CR00035,2025,4,10,0.0,Cyber Threat Intelligence,Cybersecurity,Free,Beginner,0.0,42.59,4.94,TC00040,Kimberly Miller,Cybersecurity,24,4.58,Free,Long,Excellent,10+,2,Spring,44,0.0,0.0,0.0,14.666666666666666
CR00035,2025,5,16,0.0,Cyber Threat Intelligence,Cybersecurity,Free,Beginner,0.0,42.59,4.94,TC00006,Rebecca Webb,Cybersecurity,14,3.36,Free,Long,Excellent,10+,2,Spring,54,0.0,0.0,0.0,13.666666666666666
CR00035,2025,6,12,0.0,Cyber Threat Intelligence,Cybersecurity,Free,Beginner,0.0,42.59,4.94,TC00040,Kimberly Miller,Cybersecurity,24,4.58,Free,Long,Excellent,10+,2,Summer,70,0.0,0.0,0.0,15.0
CR00035,2025,7,16,0.0,Cyber Threat Intelligence,Cybersecurity,Free,Beginner,0.0,42.59,4.94,TC00040,Kimberly Miller,Cybersecurity,24,4.58,Free,Long,Excellent,10+,3,Summer,82,0.0,0.0,0.0,12.666666666666666
CR00035,2025,8,18,0.0,Cyber Threat Intelligence,Cybersecurity,Free,Beginner,0.0,42.59,4.94,TC00040,Kimberly Miller,Cybersecurity,24,4.58,Free,Long,Excellent,10+,3,Summer,98,0.0,0.0,0.0,14.666666666666666
CR00035,2025,9,20,0.0,Cyber Threat Intelligence,Cybersecurity,Free,Beginner,0.0,42.59,4.94,TC00040,Kimberly Miller,Cybersecurity,24,4.58,Free,Long,Excellent,10+,3,Autumn,116,0.0,0.0,0.0,15.333333333333334
CR00035,2025,10,15,0.0,Cyber Threat Intelligence,Cybersecurity,Free,Beginner,0.0,42.59,4.94,TC00040,Kimberly Miller,Cybersecurity,24,4.58,Free,Long,Excellent,10+,4,Autumn,136,0.0,0.0,0.0,18.0
CR00035,2025,11,14,0.0,Cyber Threat Intelligence,Cybersecurity,Free,Beginner,0.0,42.59,4.94,TC00040,Kimberly Miller,Cybersecurity,24,4.58,Free,Long,Excellent,10+,4,Autumn,151,0.0,0.0,0.0,17.666666666666668
CR00035,2025,12,14,0.0,Cyber Threat Intelligence,Cybersecurity,Free,Beginner,0.0,42.59,4.94,TC00040,Kimberly Miller,Cybersecurity,24,4.58,Free,Long,Excellent,10+,4,Winter,165,0.0,0.0,0.0,16.333333333333332
CR00036,2025,1,15,0.0,Agile Project Management,Project Management,Free,Beginner,0.0,15.75,4.68,TC00040,Kimberly Miller,Cybersecurity,24,4.58,Free,Medium,Excellent,10+,1,Winter,0,0.0,0.0,0.0,14.5
CR00036,2025,2,16,0.0,Agile Project Management,Project Management,Free,Beginner,0.0,15.75,4.68,TC00042,Yolanda Levine,Machine Learning,21,4.97,Free,Medium,Excellent,10+,1,Winter,15,0.0,0.0,0.0,14.5
CR00036,2025,3,16,0.0,Agile Project Management,Project Management,Free,Beginner,0.0,15.75,4.68,TC00040,Kimberly Miller,Cybersecurity,24,4.58,Free,Medium,Excellent,10+,1,Spring,31,0.0,0.0,0.0,15.5
CR00036,2025,4,15,0.0,Agile Project Management,Project Management,Free,Beginner,0.0,15.75,4.68,TC00040,Kimberly Miller,Cybersecurity,24,4.58,Free,Medium,Excellent,10+,2,Spring,47,0.0,0.0,0.0,15.666666666666666
CR00036,2025,5,19,0.0,Agile Project Management,Project Management,Free,Beginner,0.0,15.75,4.68,TC00040,Kimberly Miller,Cybersecurity,24,4.58,Free,Medium,Excellent,10+,2,Spring,62,0.0,0.0,0.0,15.666666666666666
CR00036,2025,6,8,0.0,Agile Project Management,Project Management,Free,Beginner,0.0,15.75,4.68,TC00060,Benjamin Gray,Project Management,14,3.32,Free,Medium,Excellent,10+,2,Summer,81,0.0,0.0,0.0,16.666666666666668
CR00036,2025,7,13,0.0,Agile Project Management,Project Management,Free,Beginner,0.0,15.75,4.68,TC00040,Kimberly Miller,Cybersecurity,24,4.58,Free,Medium,Excellent,10+,3,Summer,89,0.0,0.0,0.0,14.0
CR00036,2025,8,16,0.0,Agile Project Management,Project Management,Free,Beginner,0.0,15.75,4.68,TC00040,Kimberly Miller,Cybersecurity,24,4.58,Free,Medium,Excellent,10+,3,Summer,102,0.0,0.0,0.0,13.333333333333334
CR00036,2025,9,12,0.0,Agile Project Management,Project Management,Free,Beginner,0.0,15.75,4.68,TC00042,Yolanda Levine,Machine Learning,21,4.97,Free,Medium,Excellent,10+,3,Autumn,118,0.0,0.0,0.0,12.333333333333334
CR00036,2025,10,15,0.0,Agile Project Management,Project Management,Free,Beginner,0.0,15.75,4.68,TC00042,Yolanda Levine,Machine Learning,21,4.97,Free,Medium,Excellent,10+,4,Autumn,130,0.0,0.0,0.0,13.666666666666666
CR00036,2025,11,16,0.0,Agile Project Management,Project Management,Free,Beginner,0.0,15.75,4.68,TC00042,Yolanda Levine,Machine Learning,21,4.97,Free,Medium,Excellent,10+,4,Autumn,145,0.0,0.0,0.0,14.333333333333334
CR00036,2025,12,16,0.0,Agile Project Management,Project Management,Free,Beginner,0.0,15.75,4.68,TC00040,Kimberly Miller,Cybersecurity,24,4.58,Free,Medium,Excellent,10+,4,Winter,161,0.0,0.0,0.0,14.333333333333334
CR00037,2025,1,15,0.0,Scrum Essentials,Project Management,Free,Intermediate,0.0,33.93,3.45,TC00040,Kimberly Miller,Cybersecurity,24,4.58,Free,Medium,Average,10+,1,Winter,0,0.0,0.0,0.0,15.5
CR00037,2025,2,19,0.0,Scrum Essentials,Project Management,Free,Intermediate,0.0,33.93,3.45,TC00040,Kimberly Miller,Cybersecurity,24,4.58,Free,Medium,Average,10+,1,Winter,15,0.0,0.0,0.0,15.5
CR00037,2025,3,9,0.0,Scrum Essentials,Project Management,Free,Intermediate,0.0,33.93,3.45,TC00042,Yolanda Levine,Machine Learning,21,4.97,Free,Medium,Average,10+,1,Spring,34,0.0,0.0,0.0,17.0
CR00037,2025,4,15,0.0,Scrum Essentials,Project Management,Free,Intermediate,0.0,33.93,3.45,TC00042,Yolanda Levine,Machine Learning,21,4.97,Free,Medium,Average,10+,2,Spring,43,0.0,0.0,0.0,14.333333333333334
CR00037,2025,5,13,0.0,Scrum Essentials,Project Management,Free,Intermediate,0.0,33.93,3.45,TC00040,Kimberly Miller,Cybersecurity,24,4.58,Free,Medium,Average,10+,2,Spring,58,0.0,0.0,0.0,14.333333333333334
CR00037,2025,6,15,0.0,Scrum Essentials,Project Management,Free,Intermediate,0.0,33.93,3.45,TC00042,Yolanda Levine,Machine Learning,21,4.97,Free,Medium,Average,10+,2,Summer,71,0.0,0.0,0.0,12.333333333333334
CR00037,2025,7,13,0.0,Scrum Essentials,Project Management,Free,Intermediate,0.0,33.93,3.45,TC00040,Kimberly Miller,Cybersecurity,24,4.58,Free,Medium,Average,10+,3,Summer,86,0.0,0.0,0.0,14.333333333333334
CR00037,2025,8,12,0.0,Scrum Essentials,Project Management,Free,Intermediate,0.0,33.93,3.45,TC00042,Yolanda Levine,Machine Learning,21,4.97,Free,Medium,Average,10+,3,Summer,99,0.0,0.0,0.0,13.666666666666666
CR00037,2025,9,12,0.0,Scrum Essentials,Project Management,Free,Intermediate,0.0,33.93,3.45,TC00040,Kimberly Miller,Cybersecurity,24,4.58,Free,Medium,Average,10+,3,Autumn,111,0.0,0.0,0.0,13.333333333333334
CR00037,2025,10,11,0.0,Scrum Essentials,Project Management,Free,Intermediate,0.0,33.93,3.45,TC00060,Benjamin Gray,Project Management,14,3.32,Free,Medium,Average,10+,4,Autumn,123,0.0,0.0,0.0,12.333333333333334
CR00037,2025,11,12,0.0,Scrum Essentials,Project Management,Free,Intermediate,0.0,33.93,3.45,TC00042,Yolanda Levine,Machine Learning,21,4.97,Free,Medium,Average,10+,4,Autumn,134,0.0,0.0,0.0,11.666666666666666
CR00037,2025,12,7,0.0,Scrum Essentials,Project Management,Free,Intermediate,0.0,33.93,3.45,TC00043,John Williams,Project Management,1,1.05,Free,Medium,Average,0-2 years,4,Winter,146,0.0,0.0,0.0,11.666666666666666
CR00038,2025,1,15,5139.150000000001,Risk Management,Project Management,Paid,Intermediate,342.61,17.14,4.84,TC00040,Kimberly Miller,Cybersecurity,24,4.58,Medium,Medium,Excellent,10+,1,Winter,0,0.0,0.0,0.0,11.5
CR00038,2025,2,7,2398.27,Risk Management,Project Management,Paid,Intermediate,342.61,17.14,4.84,TC00014,Susan Randolph,Project Management,3,2.45,Medium,Medium,Excellent,3-5 years,1,Winter,15,5139.15,342.60999999999996,2569.5749999999994,13.5
CR00038,2025,3,12,4111.32,Risk Management,Project Management,Paid,Intermediate,342.61,17.14,4.84,TC00042,Yolanda Levine,Machine Learning,21,4.97,Medium,Medium,Excellent,10+,1,Spring,22,3768.71,342.61,3768.709999999999,11.0
CR00038,2025,4,19,6509.59,Risk Management,Project Management,Paid,Intermediate,342.61,17.14,4.84,TC00040,Kimberly Miller,Cybersecurity,24,4.58,Medium,Medium,Excellent,10+,2,Spring,34,3882.913333333334,342.61000000000007,3882.9133333333325,11.333333333333334
CR00038,2025,5,13,4453.93,Risk Management,Project Management,Paid,Intermediate,342.61,17.14,4.84,TC00042,Yolanda Levine,Machine Learning,21,4.97,Medium,Medium,Excellent,10+,2,Spring,53,4539.5825,342.61,4339.726666666666,12.666666666666666
CR00038,2025,6,18,6166.9800000000005,Risk Management,Project Management,Paid,Intermediate,342.61,17.14,4.84,TC00042,Yolanda Levine,Machine Learning,21,4.97,Medium,Medium,Excellent,10+,2,Summer,66,4522.452,342.61,5024.946666666666,14.666666666666666
CR00038,2025,7,8,2740.88,Risk Management,Project Management,Paid,Intermediate,342.61,17.14,4.84,TC00042,Yolanda Levine,Machine Learning,21,4.97,Medium,Medium,Excellent,10+,3,Summer,84,4796.54,342.61,5710.166666666667,16.666666666666668
CR00038,2025,8,10,3426.1000000000004,Risk Management,Project Management,Paid,Intermediate,342.61,17.14,4.84,TC00014,Susan Randolph,Project Management,3,2.45,Medium,Medium,Excellent,3-5 years,3,Summer,92,4502.874285714286,342.61,4453.929999999999,13.0
CR00038,2025,9,16,5481.76,Risk Management,Project Management,Paid,Intermediate,342.61,17.14,4.84,TC00040,Kimberly Miller,Cybersecurity,24,4.58,Medium,Medium,Excellent,10+,3,Autumn,102,4368.2775,342.61,4111.32,12.0
CR00038,2025,10,8,2740.88,Risk Management,Project Management,Paid,Intermediate,342.61,17.14,4.84,TC00042,Yolanda Levine,Machine Learning,21,4.97,Medium,Medium,Excellent,10+,4,Autumn,118,4491.9977777777785,342.61,3882.9133333333325,11.333333333333334
CR00038,2025,11,17,5824.37,Risk Management,Project Management,Paid,Intermediate,342.61,17.14,4.84,TC00042,Yolanda Levine,Machine Learning,21,4.97,Medium,Medium,Excellent,10+,4,Autumn,126,4316.886,342.61,3882.9133333333325,11.333333333333334
CR00038,2025,12,15,5139.150000000001,Risk Management,Project Management,Paid,Intermediate,342.61,17.14,4.84,TC00040,Kimberly Miller,Cybersecurity,24,4.58,Medium,Medium,Excellent,10+,4,Winter,143,4453.93,342.61,4682.336666666666,13.666666666666666
CR00039,2025,1,7,2426.97,Project Planning,Project Management,Paid,Advanced,346.71,3.42,1.23,TC00042,Yolanda Levine,Machine Learning,21,4.97,Medium,Short,Average,10+,1,Winter,0,0.0,0.0,4282.624999999998,12.5
CR00039,2025,2,11,3813.81,Project Planning,Project Management,Paid,Advanced,346.71,3.42,1.23,TC00040,Kimberly Miller,Cybersecurity,24,4.58,Medium,Short,Average,10+,1,Winter,7,2426.97,346.71,4125.669999999998,12.0
CR00039,2025,3,17,5894.07,Project Planning,Project Management,Paid,Advanced,346.71,3.42,1.23,TC00040,Kimberly Miller,Cybersecurity,24,4.58,Medium,Short,Average,10+,1,Spring,18,3120.3899999999994,346.7099999999999,3120.3899999999985,9.0
CR00039,2025,4,12,4160.5199999999995,Project Planning,Project Management,Paid,Advanced,346.71,3.42,1.23,TC00060,Benjamin Gray,Project Management,14,3.32,Medium,Short,Average,10+,2,Spring,35,4044.9499999999994,346.71,4044.949999999999,11.666666666666666
CR00039,2025,5,14,4853.94,Project Planning,Project Management,Paid,Advanced,346.71,3.42,1.23,TC00040,Kimberly Miller,Cybersecurity,24,4.58,Medium,Short,Average,10+,2,Spring,47,4073.8424999999997,346.71,4622.799999999999,13.333333333333334
CR00039,2025,6,9,3120.39,Project Planning,Project Management,Paid,Advanced,346.71,3.42,1.23,TC00060,Benjamin Gray,Project Management,14,3.32,Medium,Short,Average,10+,2,Summer,61,4229.861999999999,346.71,4969.509999999998,14.333333333333334
CR00039,2025,7,14,4853.94,Project Planning,Project Management,Paid,Advanced,346.71,3.42,1.23,TC00040,Kimberly Miller,Cybersecurity,24,4.58,Medium,Short,Average,10+,3,Summer,70,4044.9500000000003,346.71000000000004,4044.9499999999985,11.666666666666666
CR00039,2025,8,22,7627.62,Project Planning,Project Management,Paid,Advanced,346.71,3.42,1.23,TC00042,Yolanda Levine,Machine Learning,21,4.97,Medium,Short,Average,10+,3,Summer,84,4160.5199999999995,346.7099999999999,4276.089999999999,12.333333333333334
CR00039,2025,9,18,6240.78,Project Planning,Project Management,Paid,Advanced,346.71,3.42,1.23,TC00040,Kimberly Miller,Cybersecurity,24,4.58,Medium,Short,Average,10+,3,Autumn,106,4593.907499999999,346.7099999999999,5200.649999999999,15.0
CR00039,2025,10,16,5547.36,Project Planning,Project Management,Paid,Advanced,346.71,3.42,1.23,TC00040,Kimberly Miller,Cybersecurity,24,4.58,Medium,Short,Average,10+,4,Autumn,124,4776.8933333333325,346.7099999999999,6240.779999999999,18.0
CR00039,2025,11,14,4853.94,Project Planning,Project Management,Paid,Advanced,346.71,3.42,1.23,TC00042,Yolanda Levine,Machine Learning,21,4.97,Medium,Short,Average,10+,4,Autumn,140,4853.94,346.71,6471.919999999998,18.666666666666668
CR00039,2025,12,13,4507.23,Project Planning,Project Management,Paid,Advanced,346.71,3.42,1.23,TC00040,Kimberly Miller,Cybersecurity,24,4.58,Medium,Short,Average,10+,4,Winter,154,4853.94,346.71,5547.36,16.0
CR00040,2025,1,17,5575.83,Leadership in Projects,Project Management,Paid,Beginner,327.99,12.13,1.51,TC00040,Kimberly Miller,Cybersecurity,24,4.58,Medium,Short,Average,10+,1,Winter,0,0.0,0.0,5200.649999999999,15.0
CR00040,2025,2,10,3279.9,Leadership in Projects,Project Management,Paid,Beginner,327.99,12.13,1.51,TC00040,Kimberly Miller,Cybersecurity,24,4.58,Medium,Short,Average,10+,1,Winter,17,5575.83,327.99,5214.884999999998,15.5
CR00040,2025,3,20,6559.8,Leadership in Projects,Project Management,Paid,Beginner,327.99,12.13,1.51,TC00042,Yolanda Levine,Machine Learning,21,4.97,Medium,Short,Average,10+,1,Spring,27,4427.865,327.99,4427.864999999999,13.5
CR00040,2025,4,11,3607.8900000000003,Leadership in Projects,Project Management,Paid,Beginner,327.99,12.13,1.51,TC00042,Yolanda Levine,Machine Learning,21,4.97,Medium,Short,Average,10+,2,Spring,47,5138.510000000001,327.99000000000007,5138.509999999999,15.666666666666666
CR00040,2025,5,14,4591.860000000001,Leadership in Projects,Project Management,Paid,Beginner,327.99,12.13,1.51,TC00042,Yolanda Levine,Machine Learning,21,4.97,Medium,Short,Average,10+,2,Spring,58,4755.8550000000005,327.99,4482.529999999999,13.666666666666666
CR00040,2025,6,16,5247.84,Leadership in Projects,Project Management,Paid,Beginner,327.99,12.13,1.51,TC00042,Yolanda Levine,Machine Learning,21,4.97,Medium,Short,Average,10+,2,Summer,72,4723.0560000000005,327.99,4919.849999999999,15.0
CR00040,2025,7,15,4919.85,Leadership in Projects,Project Management,Paid,Beginner,327.99,12.13,1.51,TC00042,Yolanda Levine,Machine Learning,21,4.97,Medium,Short,Average,10+,3,Summer,88,4810.52,327.99,4482.529999999999,13.666666666666666
CR00040,2025,8,14,4591.860000000001,Leadership in Projects,Project Management,Paid,Beginner,327.99,12.13,1.51,TC00040,Kimberly Miller,Cybersecurity,24,4.58,Medium,Short,Average,10+,3,Summer,103,4826.138571428572,327.99,4919.849999999999,15.0
CR00040,2025,9,9,2951.91,Leadership in Projects,Project Management,Paid,Beginner,327.99,12.13,1.51,TC00040,Kimberly Miller,Cybersecurity,24,4.58,Medium,Short,Average,10+,3,Autumn,117,4796.85375,327.99,4919.849999999999,15.0
CR00040,2025,10,15,4919.85,Leadership in Projects,Project Management,Paid,Beginner,327.99,12.13,1.51,TC00042,Yolanda Levine,Machine Learning,21,4.97,Medium,Short,Average,10+,4,Autumn,126,4591.860000000001,327.99000000000007,4154.54,12.666666666666666
CR00040,2025,11,18,5903.82,Leadership in Projects,Project Management,Paid,Beginner,327.99,12.13,1.51,TC00040,Kimberly Miller,Cybersecurity,24,4.58,Medium,Short,Average,10+,4,Autumn,141,4624.659000000001,327.99,4154.539999999999,12.666666666666666
CR00040,2025,12,15,4919.85,Leadership in Projects,Project Management,Paid,Beginner,327.99,12.13,1.51,TC00040,Kimberly Miller,Cybersecurity,24,4.58,Medium,Short,Average,10+,4,Winter,159,4740.946363636364,327.99,4591.859999999999,14.0
CR00041,2025,1,14,754.04,Financial Accounting,Finance,Paid,Beginner,53.86,47.08,2.47,TC00040,Kimberly Miller,Cybersecurity,24,4.58,Low,Long,Average,10+,1,Winter,0,0.0,0.0,5411.834999999998,16.5
CR00041,2025,2,9,484.74,Financial Accounting,Finance,Paid,Beginner,53.86,47.08,2.47,TC00040,Kimberly Miller,Cybersecurity,24,4.58,Low,Long,Average,10+,1,Winter,14,754.04,53.86,3328.929999999998,16.0
CR00041,2025,3,11,592.46,Financial Accounting,Finance,Paid,Beginner,53.86,47.08,2.47,TC00040,Kimberly Miller,Cybersecurity,24,4.58,Low,Long,Average,10+,1,Spring,23,619.39,53.86,619.3899999999982,11.5
CR00041,2025,4,14,754.04,Financial Accounting,Finance,Paid,Beginner,53.86,47.08,2.47,TC00040,Kimberly Miller,Cybersecurity,24,4.58,Low,Long,Average,10+,2,Spring,34,610.4133333333333,53.85999999999999,610.4133333333322,11.333333333333334
CR00041,2025,5,17,915.62,Financial Accounting,Finance,Paid,Beginner,53.86,47.08,2.47,TC00042,Yolanda Levine,Machine Learning,21,4.97,Low,Long,Average,10+,2,Spring,48,646.32,53.86000000000001,610.4133333333322,11.333333333333334
CR00041,2025,6,19,1023.34,Financial Accounting,Finance,Paid,Beginner,53.86,47.08,2.47,TC00040,Kimberly Miller,Cybersecurity,24,4.58,Low,Long,Average,10+,2,Summer,65,700.18,53.85999999999999,754.0399999999987,14.0
CR00041,2025,7,14,754.04,Financial Accounting,Finance,Paid,Beginner,53.86,47.08,2.47,TC00040,Kimberly Miller,Cybersecurity,24,4.58,Low,Long,Average,10+,3,Summer,84,754.04,53.86,897.6666666666655,16.666666666666668
CR00041,2025,8,14,754.04,Financial Accounting,Finance,Paid,Beginner,53.86,47.08,2.47,TC00042,Yolanda Levine,Machine Learning,21,4.97,Low,Long,Average,10+,3,Summer,98,754.04,53.86,897.6666666666655,16.666666666666668
CR00041,2025,9,10,538.6,Financial Accounting,Finance,Paid,Beginner,53.86,47.08,2.47,TC00040,Kimberly Miller,Cybersecurity,24,4.58,Low,Long,Average,10+,3,Autumn,112,754.04,53.86,843.8066666666655,15.666666666666666
CR00041,2025,10,19,1023.34,Financial Accounting,Finance,Paid,Beginner,53.86,47.08,2.47,TC00042,Yolanda Levine,Machine Learning,21,4.97,Low,Long,Average,10+,4,Autumn,122,730.1022222222223,53.86,682.2266666666654,12.666666666666666
CR00041,2025,11,15,807.9,Financial Accounting,Finance,Paid,Beginner,53.86,47.08,2.47,TC00040,Kimberly Miller,Cybersecurity,24,4.58,Low,Long,Average,10+,4,Autumn,141,759.426,53.86,771.9933333333321,14.333333333333334
CR00041,2025,12,10,538.6,Financial Accounting,Finance,Paid,Beginner,53.86,47.08,2.47,TC00042,Yolanda Levine,Machine Learning,21,4.97,Low,Long,Average,10+,4,Winter,156,763.8327272727273,53.86,789.9466666666655,14.666666666666666
CR00042,2025,1,15,0.0,Investment Strategies,Finance,Free,Intermediate,0.0,34.83,4.1,TC00042,Yolanda Levine,Machine Learning,21,4.97,Free,Medium,Good,10+,1,Winter,0,0.0,0.0,915.6199999999983,17.0
CR00042,2025,2,18,0.0,Investment Strategies,Finance,Free,Intermediate,0.0,34.83,4.1,TC00042,Yolanda Levine,Machine Learning,21,4.97,Free,Medium,Good,10+,1,Winter,15,0.0,0.0,403.94999999999817,15.0
CR00042,2025,3,11,0.0,Investment Strategies,Finance,Free,Intermediate,0.0,34.83,4.1,TC00042,Yolanda Levine,Machine Learning,21,4.97,Free,Medium,Good,10+,1,Spring,33,0.0,0.0,0.0,16.5
CR00042,2025,4,17,0.0,Investment Strategies,Finance,Free,Intermediate,0.0,34.83,4.1,TC00042,Yolanda Levine,Machine Learning,21,4.97,Free,Medium,Good,10+,2,Spring,44,0.0,0.0,0.0,14.666666666666666
CR00042,2025,5,18,0.0,Investment Strategies,Finance,Free,Intermediate,0.0,34.83,4.1,TC00042,Yolanda Levine,Machine Learning,21,4.97,Free,Medium,Good,10+,2,Spring,61,0.0,0.0,0.0,15.333333333333334
CR00042,2025,6,9,0.0,Investment Strategies,Finance,Free,Intermediate,0.0,34.83,4.1,TC00023,Robert Mack,Finance,4,2.99,Free,Medium,Good,3-5 years,2,Summer,79,0.0,0.0,0.0,15.333333333333334
CR00042,2025,7,20,0.0,Investment Strategies,Finance,Free,Intermediate,0.0,34.83,4.1,TC00040,Kimberly Miller,Cybersecurity,24,4.58,Free,Medium,Good,10+,3,Summer,88,0.0,0.0,0.0,14.666666666666666
CR00042,2025,8,20,0.0,Investment Strategies,Finance,Free,Intermediate,0.0,34.83,4.1,TC00040,Kimberly Miller,Cybersecurity,24,4.58,Free,Medium,Good,10+,3,Summer,108,0.0,0.0,0.0,15.666666666666666
CR00042,2025,9,18,0.0,Investment Strategies,Finance,Free,Intermediate,0.0,34.83,4.1,TC00040,Kimberly Miller,Cybersecurity,24,4.58,Free,Medium,Good,10+,3,Autumn,128,0.0,0.0,0.0,16.333333333333332
CR00042,2025,10,10,0.0,Investment Strategies,Finance,Free,Intermediate,0.0,34.83,4.1,TC00042,Yolanda Levine,Machine Learning,21,4.97,Free,Medium,Good,10+,4,Autumn,146,0.0,0.0,0.0,19.333333333333332
CR00042,2025,11,11,0.0,Investment Strategies,Finance,Free,Intermediate,0.0,34.83,4.1,TC00042,Yolanda Levine,Machine Learning,21,4.97,Free,Medium,Good,10+,4,Autumn,156,0.0,0.0,0.0,16.0
CR00042,2025,12,16,0.0,Investment Strategies,Finance,Free,Intermediate,0.0,34.83,4.1,TC00044,Barbara Maynard,Finance,4,2.61,Free,Medium,Good,3-5 years,4,Winter,167,0.0,0.0,0.0,13.0
CR00043,2025,1,22,0.0,Corporate Finance,Finance,Free,Beginner,0.0,31.77,4.14,TC00040,Kimberly Miller,Cybersecurity,24,4.58,Free,Medium,Good,10+,1,Winter,0,0.0,0.0,0.0,10.5
CR00043,2025,2,12,0.0,Corporate Finance,Finance,Free,Beginner,0.0,31.77,4.14,TC00040,Kimberly Miller,Cybersecurity,24,4.58,Free,Medium,Good,10+,1,Winter,22,0.0,0.0,0.0,16.5
CR00043,2025,3,11,0.0,Corporate Finance,Finance,Free,Beginner,0.0,31.77,4.14,TC00023,Robert Mack,Finance,4,2.99,Free,Medium,Good,3-5 years,1,Spring,34,0.0,0.0,0.0,17.0
CR00043,2025,4,13,0.0,Corporate Finance,Finance,Free,Beginner,0.0,31.77,4.14,TC00042,Yolanda Levine,Machine Learning,21,4.97,Free,Medium,Good,10+,2,Spring,45,0.0,0.0,0.0,15.0
CR00043,2025,5,17,0.0,Corporate Finance,Finance,Free,Beginner,0.0,31.77,4.14,TC00040,Kimberly Miller,Cybersecurity,24,4.58,Free,Medium,Good,10+,2,Spring,58,0.0,0.0,0.0,12.0
CR00043,2025,6,13,0.0,Corporate Finance,Finance,Free,Beginner,0.0,31.77,4.14,TC00042,Yolanda Levine,Machine Learning,21,4.97,Free,Medium,Good,10+,2,Summer,75,0.0,0.0,0.0,13.666666666666666
CR00043,2025,7,13,0.0,Corporate Finance,Finance,Free,Beginner,0.0,31.77,4.14,TC00040,Kimberly Miller,Cybersecurity,24,4.58,Free,Medium,Good,10+,3,Summer,88,0.0,0.0,0.0,14.333333333333334
CR00043,2025,8,12,0.0,Corporate Finance,Finance,Free,Beginner,0.0,31.77,4.14,TC00042,Yolanda Levine,Machine Learning,21,4.97,Free,Medium,Good,10+,3,Summer,101,0.0,0.0,0.0,14.333333333333334
CR00043,2025,9,16,0.0,Corporate Finance,Finance,Free,Beginner,0.0,31.77,4.14,TC00005,David Williams,Finance,2,3.11,Free,Medium,Good,0-2 years,3,Autumn,113,0.0,0.0,0.0,12.666666666666666
CR00043,2025,10,19,0.0,Corporate Finance,Finance,Free,Beginner,0.0,31.77,4.14,TC00042,Yolanda Levine,Machine Learning,21,4.97,Free,Medium,Good,10+,4,Autumn,129,0.0,0.0,0.0,13.666666666666666
CR00043,2025,11,14,0.0,Corporate Finance,Finance,Free,Beginner,0.0,31.77,4.14,TC00042,Yolanda Levine,Machine Learning,21,4.97,Free,Medium,Good,10+,4,Autumn,148,0.0,0.0,0.0,15.666666666666666
CR00043,2025,12,20,0.0,Corporate Finance,Finance,Free,Beginner,0.0,31.77,4.14,TC00040,Kimberly Miller,Cybersecurity,24,4.58,Free,Medium,Good,10+,4,Winter,162,0.0,0.0,0.0,16.333333333333332
CR00044,2025,1,10,1190.4,Personal Finance,Finance,Paid,Intermediate,119.04,23.41,2.75,TC00037,Debra Escobar,Finance,8,4.39,Low,Medium,Average,6-10 years,1,Winter,0,0.0,0.0,0.0,16.5
CR00044,2025,2,13,1547.52,Personal Finance,Finance,Paid,Intermediate,119.04,23.41,2.75,TC00040,Kimberly Miller,Cybersecurity,24,4.58,Low,Medium,Average,10+,1,Winter,10,1190.4,119.04,595.1999999999982,12.0
CR00044,2025,3,14,1666.5600000000002,Personal Finance,Finance,Paid,Intermediate,119.04,23.41,2.75,TC00005,David Williams,Finance,2,3.11,Low,Medium,Average,0-2 years,1,Spring,23,1368.96,119.04,1368.9599999999982,11.5
CR00044,2025,4,8,952.32,Personal Finance,Finance,Paid,Intermediate,119.04,23.41,2.75,TC00040,Kimberly Miller,Cybersecurity,24,4.58,Low,Medium,Average,10+,2,Spring,37,1468.16,119.04,1468.159999999999,12.333333333333334
CR00044,2025,5,9,1071.3600000000001,Personal Finance,Finance,Paid,Intermediate,119.04,23.41,2.75,TC00044,Barbara Maynard,Finance,4,2.61,Low,Medium,Average,3-5 years,2,Spring,45,1339.1999999999998,119.03999999999998,1388.799999999999,11.666666666666666
CR00044,2025,6,22,2618.88,Personal Finance,Finance,Paid,Intermediate,119.04,23.41,2.75,TC00042,Yolanda Levine,Machine Learning,21,4.97,Low,Medium,Average,10+,2,Summer,54,1285.632,119.04000000000002,1230.0799999999988,10.333333333333334
CR00044,2025,7,17,2023.68,Personal Finance,Finance,Paid,Intermediate,119.04,23.41,2.75,TC00040,Kimberly Miller,Cybersecurity,24,4.58,Low,Medium,Average,10+,3,Summer,76,1507.8400000000001,119.04,1547.5199999999988,13.0
CR00044,2025,8,18,2142.7200000000003,Personal Finance,Finance,Paid,Intermediate,119.04,23.41,2.75,TC00042,Yolanda Levine,Machine Learning,21,4.97,Low,Medium,Average,10+,3,Summer,93,1581.5314285714287,119.04,1904.6399999999987,16.0
CR00044,2025,9,15,1785.6000000000001,Personal Finance,Finance,Paid,Intermediate,119.04,23.41,2.75,TC00040,Kimberly Miller,Cybersecurity,24,4.58,Low,Medium,Average,10+,3,Autumn,111,1651.68,119.04,2261.759999999999,19.0
CR00044,2025,10,9,1071.3600000000001,Personal Finance,Finance,Paid,Intermediate,119.04,23.41,2.75,TC00042,Yolanda Levine,Machine Learning,21,4.97,Low,Medium,Average,10+,4,Autumn,126,1666.5600000000002,119.04,1983.9999999999989,16.666666666666668
CR00044,2025,11,13,1547.52,Personal Finance,Finance,Paid,Intermediate,119.04,23.41,2.75,TC00040,Kimberly Miller,Cybersecurity,24,4.58,Low,Medium,Average,10+,4,Autumn,135,1607.0400000000002,119.04,1666.5599999999988,14.0
CR00044,2025,12,13,1547.52,Personal Finance,Finance,Paid,Intermediate,119.04,23.41,2.75,TC00040,Kimberly Miller,Cybersecurity,24,4.58,Low,Medium,Average,10+,4,Winter,148,1601.629090909091,119.04,1468.159999999999,12.333333333333334
CR00045,2025,1,14,0.0,Financial Modeling,Finance,Free,Advanced,0.0,6.36,1.59,TC00040,Kimberly Miller,Cybersecurity,24,4.58,Free,Short,Average,10+,1,Winter,0,0.0,0.0,1309.4399999999982,11.0
CR00045,2025,2,13,0.0,Financial Modeling,Finance,Free,Advanced,0.0,6.36,1.59,TC00040,Kimberly Miller,Cybersecurity,24,4.58,Free,Short,Average,10+,1,Winter,14,0.0,0.0,773.7599999999982,13.5
CR00045,2025,3,16,0.0,Financial Modeling,Finance,Free,Advanced,0.0,6.36,1.59,TC00040,Kimberly Miller,Cybersecurity,24,4.58,Free,Short,Average,10+,1,Spring,27,0.0,0.0,0.0,13.5
CR00045,2025,4,18,0.0,Financial Modeling,Finance,Free,Advanced,0.0,6.36,1.59,TC00040,Kimberly Miller,Cybersecurity,24,4.58,Free,Short,Average,10+,2,Spring,43,0.0,0.0,0.0,14.333333333333334
CR00045,2025,5,9,0.0,Financial Modeling,Finance,Free,Advanced,0.0,6.36,1.59,TC00040,Kimberly Miller,Cybersecurity,24,4.58,Free,Short,Average,10+,2,Spring,61,0.0,0.0,0.0,15.666666666666666
CR00045,2025,6,16,0.0,Financial Modeling,Finance,Free,Advanced,0.0,6.36,1.59,TC00040,Kimberly Miller,Cybersecurity,24,4.58,Free,Short,Average,10+,2,Summer,70,0.0,0.0,0.0,14.333333333333334
CR00045,2025,7,18,0.0,Financial Modeling,Finance,Free,Advanced,0.0,6.36,1.59,TC00040,Kimberly Miller,Cybersecurity,24,4.58,Free,Short,Average,10+,3,Summer,86,0.0,0.0,0.0,14.333333333333334
CR00045,2025,8,12,0.0,Financial Modeling,Finance,Free,Advanced,0.0,6.36,1.59,TC00040,Kimberly Miller,Cybersecurity,24,4.58,Free,Short,Average,10+,3,Summer,104,0.0,0.0,0.0,14.333333333333334
CR00045,2025,9,15,0.0,Financial Modeling,Finance,Free,Advanced,0.0,6.36,1.59,TC00042,Yolanda Levine,Machine Learning,21,4.97,Free,Short,Average,10+,3,Autumn,116,0.0,0.0,0.0,15.333333333333334
CR00045,2025,10,15,0.0,Financial Modeling,Finance,Free,Advanced,0.0,6.36,1.59,TC00042,Yolanda Levine,Machine Learning,21,4.97,Free,Short,Average,10+,4,Autumn,131,0.0,0.0,0.0,15.0
CR00045,2025,11,14,0.0,Financial Modeling,Finance,Free,Advanced,0.0,6.36,1.59,TC00040,Kimberly Miller,Cybersecurity,24,4.58,Free,Short,Average,10+,4,Autumn,146,0.0,0.0,0.0,14.0
CR00045,2025,12,12,0.0,Financial Modeling,Finance,Free,Advanced,0.0,6.36,1.59,TC00040,Kimberly Miller,Cybersecurity,24,4.58,Free,Short,Average,10+,4,Winter,160,0.0,0.0,0.0,14.666666666666666
CR00046,2025,1,12,2977.2,AI for Beginners,Artificial Intelligence,Paid,Beginner,248.1,9.4,1.2,TC00040,Kimberly Miller,Cybersecurity,24,4.58,Medium,Short,Average,10+,1,Winter,0,0.0,0.0,0.0,14.5
CR00046,2025,2,17,4217.7,AI for Beginners,Artificial Intelligence,Paid,Beginner,248.1,9.4,1.2,TC00040,Kimberly Miller,Cybersecurity,24,4.58,Medium,Short,Average,10+,1,Winter,12,2977.2,248.1,1488.599999999998,13.0
CR00046,2025,3,13,3225.2999999999997,AI for Beginners,Artificial Intelligence,Paid,Beginner,248.1,9.4,1.2,TC00040,Kimberly Miller,Cybersecurity,24,4.58,Medium,Short,Average,10+,1,Spring,29,3597.45,248.1,3597.449999999998,14.5
CR00046,2025,4,14,3473.4,AI for Beginners,Artificial Intelligence,Paid,Beginner,248.1,9.4,1.2,TC00042,Yolanda Levine,Machine Learning,21,4.97,Medium,Short,Average,10+,2,Spring,42,3473.3999999999996,248.09999999999997,3473.3999999999983,14.0
CR00046,2025,5,14,3473.4,AI for Beginners,Artificial Intelligence,Paid,Beginner,248.1,9.4,1.2,TC00040,Kimberly Miller,Cybersecurity,24,4.58,Medium,Short,Average,10+,2,Spring,56,3473.4,248.1,3638.799999999999,14.666666666666666
CR00046,2025,6,11,2729.1,AI for Beginners,Artificial Intelligence,Paid,Beginner,248.1,9.4,1.2,TC00042,Yolanda Levine,Machine Learning,21,4.97,Medium,Short,Average,10+,2,Summer,70,3473.4,248.1,3390.699999999999,13.666666666666666
CR00046,2025,7,8,1984.8,AI for Beginners,Artificial Intelligence,Paid,Beginner,248.1,9.4,1.2,TC00042,Yolanda Levine,Machine Learning,21,4.97,Medium,Short,Average,10+,3,Summer,81,3349.35,248.1,3225.2999999999993,13.0
CR00046,2025,8,12,2977.2,AI for Beginners,Artificial Intelligence,Paid,Beginner,248.1,9.4,1.2,TC00040,Kimberly Miller,Cybersecurity,24,4.58,Medium,Short,Average,10+,3,Summer,89,3154.4142857142856,248.09999999999997,2729.099999999999,11.0
CR00046,2025,9,9,2232.9,AI for Beginners,Artificial Intelligence,Paid,Beginner,248.1,9.4,1.2,TC00040,Kimberly Miller,Cybersecurity,24,4.58,Medium,Short,Average,10+,3,Autumn,101,3132.2625,248.1,2563.6999999999985,10.333333333333334
CR00046,2025,10,10,2481.0,AI for Beginners,Artificial Intelligence,Paid,Beginner,248.1,9.4,1.2,TC00042,Yolanda Levine,Machine Learning,21,4.97,Medium,Short,Average,10+,4,Autumn,110,3032.3333333333335,248.1,2398.299999999999,9.666666666666666
CR00046,2025,11,14,3473.4,AI for Beginners,Artificial Intelligence,Paid,Beginner,248.1,9.4,1.2,TC00042,Yolanda Levine,Machine Learning,21,4.97,Medium,Short,Average,10+,4,Autumn,120,2977.2,248.1,2563.699999999999,10.333333333333334
CR00046,2025,12,6,1488.6,AI for Beginners,Artificial Intelligence,Paid,Beginner,248.1,9.4,1.2,TC00042,Yolanda Levine,Machine Learning,21,4.97,Medium,Short,Average,10+,4,Winter,134,3022.309090909091,248.10000000000002,2729.099999999999,11.0
CR00047,2025,1,18,1612.6200000000001,Natural Language Processing,Artificial Intelligence,Paid,Intermediate,89.59,1.55,2.68,TC00040,Kimberly Miller,Cybersecurity,24,4.58,Low,Short,Average,10+,1,Winter,0,0.0,0.0,2977.199999999998,12.0
CR00047,2025,2,15,1343.8500000000001,Natural Language Processing,Artificial Intelligence,Paid,Intermediate,89.59,1.55,2.68,TC00042,Yolanda Levine,Machine Learning,21,4.97,Low,Short,Average,10+,1,Winter,18,1612.6200000000001,89.59,2543.0099999999984,16.0
CR00047,2025,3,17,1523.03,Natural Language Processing,Artificial Intelligence,Paid,Intermediate,89.59,1.55,2.68,TC00040,Kimberly Miller,Cybersecurity,24,4.58,Low,Short,Average,10+,1,Spring,33,1478.2350000000001,89.59,1478.2349999999983,16.5
CR00047,2025,4,9,806.3100000000001,Natural Language Processing,Artificial Intelligence,Paid,Intermediate,89.59,1.55,2.68,TC00040,Kimberly Miller,Cybersecurity,24,4.58,Low,Short,Average,10+,2,Spring,50,1493.1666666666667,89.59,1493.1666666666654,16.666666666666668
CR00047,2025,5,13,1164.67,Natural Language Processing,Artificial Intelligence,Paid,Intermediate,89.59,1.55,2.68,TC00042,Yolanda Levine,Machine Learning,21,4.97,Low,Short,Average,10+,2,Spring,59,1321.4525,89.59,1224.3966666666656,13.666666666666666
CR00047,2025,6,14,1254.26,Natural Language Processing,Artificial Intelligence,Paid,Intermediate,89.59,1.55,2.68,TC00040,Kimberly Miller,Cybersecurity,24,4.58,Low,Short,Average,10+,2,Summer,72,1290.096,89.59,1164.669999999999,13.0
CR00047,2025,7,16,1433.44,Natural Language Processing,Artificial Intelligence,Paid,Intermediate,89.59,1.55,2.68,TC00042,Yolanda Levine,Machine Learning,21,4.97,Low,Short,Average,10+,3,Summer,86,1284.1233333333332,89.59,1075.0799999999988,12.0
CR00047,2025,8,10,895.9000000000001,Natural Language Processing,Artificial Intelligence,Paid,Intermediate,89.59,1.55,2.68,TC00040,Kimberly Miller,Cybersecurity,24,4.58,Low,Short,Average,10+,3,Summer,102,1305.4542857142858,89.59,1284.1233333333323,14.333333333333334
CR00047,2025,9,10,895.9000000000001,Natural Language Processing,Artificial Intelligence,Paid,Intermediate,89.59,1.55,2.68,TC00042,Yolanda Levine,Machine Learning,21,4.97,Low,Short,Average,10+,3,Autumn,112,1254.2600000000002,89.59000000000002,1194.5333333333322,13.333333333333334
CR00047,2025,10,13,1164.67,Natural Language Processing,Artificial Intelligence,Paid,Intermediate,89.59,1.55,2.68,TC00040,Kimberly Miller,Cybersecurity,24,4.58,Low,Short,Average,10+,4,Autumn,122,1214.4422222222224,89.59000000000002,1075.0799999999988,12.0
CR00047,2025,11,18,1612.6200000000001,Natural Language Processing,Artificial Intelligence,Paid,Intermediate,89.59,1.55,2.68,TC00042,Yolanda Levine,Machine Learning,21,4.97,Low,Short,Average,10+,4,Autumn,135,1209.465,89.59,985.4899999999989,11.0
CR00047,2025,12,13,1164.67,Natural Language Processing,Artificial Intelligence,Paid,Intermediate,89.59,1.55,2.68,TC00040,Kimberly Miller,Cybersecurity,24,4.58,Low,Short,Average,10+,4,Winter,153,1246.1154545454547,89.59,1224.3966666666656,13.666666666666666
CR00048,2025,1,13,0.0,AI Ethics,Artificial Intelligence,Free,Beginner,0.0,42.7,3.64,TC00042,Yolanda Levine,Machine Learning,21,4.97,Free,Long,Average,10+,1,Winter,0,0.0,0.0,1388.6449999999984,15.5
CR00048,2025,2,19,0.0,AI Ethics,Artificial Intelligence,Free,Beginner,0.0,42.7,3.64,TC00042,Yolanda Levine,Machine Learning,21,4.97,Free,Long,Average,10+,1,Winter,13,0.0,0.0,806.3099999999984,15.5
CR00048,2025,3,19,0.0,AI Ethics,Artificial Intelligence,Free,Beginner,0.0,42.7,3.64,TC00042,Yolanda Levine,Machine Learning,21,4.97,Free,Long,Average,10+,1,Spring,32,0.0,0.0,0.0,16.0
CR00048,2025,4,13,0.0,AI Ethics,Artificial Intelligence,Free,Beginner,0.0,42.7,3.64,TC00042,Yolanda Levine,Machine Learning,21,4.97,Free,Long,Average,10+,2,Spring,51,0.0,0.0,0.0,17.0
CR00048,2025,5,16,0.0,AI Ethics,Artificial Intelligence,Free,Beginner,0.0,42.7,3.64,TC00042,Yolanda Levine,Machine Learning,21,4.97,Free,Long,Average,10+,2,Spring,64,0.0,0.0,0.0,17.0
CR00048,2025,6,15,0.0,AI Ethics,Artificial Intelligence,Free,Beginner,0.0,42.7,3.64,TC00040,Kimberly Miller,Cybersecurity,24,4.58,Free,Long,Average,10+,2,Summer,80,0.0,0.0,0.0,16.0
CR00048,2025,7,14,0.0,AI Ethics,Artificial Intelligence,Free,Beginner,0.0,42.7,3.64,TC00040,Kimberly Miller,Cybersecurity,24,4.58,Free,Long,Average,10+,3,Summer,95,0.0,0.0,0.0,14.666666666666666
CR00048,2025,8,22,0.0,AI Ethics,Artificial Intelligence,Free,Beginner,0.0,42.7,3.64,TC00042,Yolanda Levine,Machine Learning,21,4.97,Free,Long,Average,10+,3,Summer,109,0.0,0.0,0.0,15.0
CR00048,2025,9,12,0.0,AI Ethics,Artificial Intelligence,Free,Beginner,0.0,42.7,3.64,TC00042,Yolanda Levine,Machine Learning,21,4.97,Free,Long,Average,10+,3,Autumn,131,0.0,0.0,0.0,17.0
CR00048,2025,10,8,0.0,AI Ethics,Artificial Intelligence,Free,Beginner,0.0,42.7,3.64,TC00042,Yolanda Levine,Machine Learning,21,4.97,Free,Long,Average,10+,4,Autumn,143,0.0,0.0,0.0,16.0
CR00048,2025,11,13,0.0,AI Ethics,Artificial Intelligence,Free,Beginner,0.0,42.7,3.64,TC00030,David Aguirre,Artificial Intelligence,6,3.01,Free,Long,Average,6-10 years,4,Autumn,151,0.0,0.0,0.0,14.0
CR00048,2025,12,22,0.0,AI Ethics,Artificial Intelligence,Free,Beginner,0.0,42.7,3.64,TC00042,Yolanda Levine,Machine Learning,21,4.97,Free,Long,Average,10+,4,Winter,164,0.0,0.0,0.0,11.0
CR00049,2025,1,22,9141.22,Deep Learning,Artificial Intelligence,Paid,Intermediate,415.51,28.33,3.11,TC00042,Yolanda Levine,Machine Learning,21,4.97,High,Medium,Average,10+,1,Winter,0,0.0,0.0,0.0,10.5
CR00049,2025,2,11,4570.61,Deep Learning,Artificial Intelligence,Paid,Intermediate,415.51,28.33,3.11,TC00042,Yolanda Levine,Machine Learning,21,4.97,High,Medium,Average,10+,1,Winter,22,9141.219999999998,415.5099999999999,4570.609999999998,17.5
CR00049,2025,3,12,4986.12,Deep Learning,Artificial Intelligence,Paid,Intermediate,415.51,28.33,3.11,TC00042,Yolanda Levine,Machine Learning,21,4.97,High,Medium,Average,10+,1,Spring,33,6855.914999999999,415.50999999999993,6855.914999999997,16.5
CR00049,2025,4,10,4155.1,Deep Learning,Artificial Intelligence,Paid,Intermediate,415.51,28.33,3.11,TC00040,Kimberly Miller,Cybersecurity,24,4.58,High,Medium,Average,10+,2,Spring,45,6232.649999999999,415.50999999999993,6232.649999999999,15.0
CR00049,2025,5,10,4155.1,Deep Learning,Artificial Intelligence,Paid,Intermediate,415.51,28.33,3.11,TC00040,Kimberly Miller,Cybersecurity,24,4.58,High,Medium,Average,10+,2,Spring,55,5713.262500000001,415.51000000000005,4570.609999999999,11.0
CR00049,2025,6,13,5401.63,Deep Learning,Artificial Intelligence,Paid,Intermediate,415.51,28.33,3.11,TC00042,Yolanda Levine,Machine Learning,21,4.97,High,Medium,Average,10+,2,Summer,65,5401.629999999999,415.51,4432.106666666666,10.666666666666666
CR00049,2025,7,15,6232.65,Deep Learning,Artificial Intelligence,Paid,Intermediate,415.51,28.33,3.11,TC00042,Yolanda Levine,Machine Learning,21,4.97,High,Medium,Average,10+,3,Summer,78,5401.63,415.51,4570.61,11.0
CR00049,2025,8,11,4570.61,Deep Learning,Artificial Intelligence,Paid,Intermediate,415.51,28.33,3.11,TC00040,Kimberly Miller,Cybersecurity,24,4.58,High,Medium,Average,10+,3,Summer,93,5520.347142857143,415.51,5263.126666666666,12.666666666666666
CR00049,2025,9,11,4570.61,Deep Learning,Artificial Intelligence,Paid,Intermediate,415.51,28.33,3.11,TC00042,Yolanda Levine,Machine Learning,21,4.97,High,Medium,Average,10+,3,Autumn,104,5401.63,415.51,5401.629999999998,13.0
CR00049,2025,10,15,6232.65,Deep Learning,Artificial Intelligence,Paid,Intermediate,415.51,28.33,3.11,TC00042,Yolanda Levine,Machine Learning,21,4.97,High,Medium,Average,10+,4,Autumn,115,5309.294444444444,415.50999999999993,5124.623333333332,12.333333333333334
CR00049,2025,11,17,7063.67,Deep Learning,Artificial Intelligence,Paid,Intermediate,415.51,28.33,3.11,TC00042,Yolanda Levine,Machine Learning,21,4.97,High,Medium,Average,10+,4,Autumn,130,5401.63,415.51000000000005,5124.623333333332,12.333333333333334
CR00049,2025,12,16,6648.16,Deep Learning,Artificial Intelligence,Paid,Intermediate,415.51,28.33,3.11,TC00042,Yolanda Levine,Machine Learning,21,4.97,High,Medium,Average,10+,4,Winter,147,5552.7245454545455,415.51,5955.6433333333325,14.333333333333334
CR00050,2025,1,15,7363.5,Computer Vision,Artificial Intelligence,Paid,Beginner,490.9,7.55,4.55,TC00042,Yolanda Levine,Machine Learning,21,4.97,High,Short,Excellent,10+,1,Winter,0,0.0,0.0,6648.159999999998,16.0
CR00050,2025,2,19,9327.1,Computer Vision,Artificial Intelligence,Paid,Beginner,490.9,7.55,4.55,TC00040,Kimberly Miller,Cybersecurity,24,4.58,High,Short,Excellent,10+,1,Winter,15,7363.499999999998,490.89999999999986,7213.584999999998,16.0
CR00050,2025,3,23,11290.699999999999,Computer Vision,Artificial Intelligence,Paid,Beginner,490.9,7.55,4.55,TC00042,Yolanda Levine,Machine Learning,21,4.97,High,Short,Excellent,10+,1,Spring,34,8345.3,490.9,8345.3,17.0
CR00050,2025,4,15,7363.5,Computer Vision,Artificial Intelligence,Paid,Beginner,490.9,7.55,4.55,TC00042,Yolanda Levine,Machine Learning,21,4.97,High,Short,Excellent,10+,2,Spring,57,9327.1,490.90000000000003,9327.099999999999,19.0
CR00050,2025,5,10,4909.0,Computer Vision,Artificial Intelligence,Paid,Beginner,490.9,7.55,4.55,TC00042,Yolanda Levine,Machine Learning,21,4.97,High,Short,Excellent,10+,2,Spring,72,8836.2,490.90000000000003,9327.099999999999,19.0
CR00050,2025,6,16,7854.4,Computer Vision,Artificial Intelligence,Paid,Beginner,490.9,7.55,4.55,TC00042,Yolanda Levine,Machine Learning,21,4.97,High,Short,Excellent,10+,2,Summer,82,8050.759999999999,490.8999999999999,7854.399999999999,16.0
CR00050,2025,7,13,6381.7,Computer Vision,Artificial Intelligence,Paid,Beginner,490.9,7.55,4.55,TC00042,Yolanda Levine,Machine Learning,21,4.97,High,Short,Excellent,10+,3,Summer,98,8018.033333333334,490.90000000000003,6708.966666666664,13.666666666666666
CR00050,2025,8,8,3927.2,Computer Vision,Artificial Intelligence,Paid,Beginner,490.9,7.55,4.55,TC00042,Yolanda Levine,Machine Learning,21,4.97,High,Short,Excellent,10+,3,Summer,111,7784.271428571429,490.90000000000003,6381.699999999998,13.0
CR00050,2025,9,12,5890.799999999999,Computer Vision,Artificial Intelligence,Paid,Beginner,490.9,7.55,4.55,TC00042,Yolanda Levine,Machine Learning,21,4.97,High,Short,Excellent,10+,3,Autumn,119,7302.137499999999,490.8999999999999,6054.433333333332,12.333333333333334
CR00050,2025,10,13,6381.7,Computer Vision,Artificial Intelligence,Paid,Beginner,490.9,7.55,4.55,TC00042,Yolanda Levine,Machine Learning,21,4.97,High,Short,Excellent,10+,4,Autumn,131,7145.322222222221,490.9,5399.899999999999,11.0
CR00050,2025,11,17,8345.3,Computer Vision,Artificial Intelligence,Paid,Beginner,490.9,7.55,4.55,TC00042,Yolanda Levine,Machine Learning,21,4.97,High,Short,Excellent,10+,4,Autumn,144,7068.959999999999,490.8999999999999,5399.899999999999,11.0
CR00050,2025,12,13,6381.7,Computer Vision,Artificial Intelligence,Paid,Beginner,490.9,7.55,4.55,TC00029,David Webb,Artificial Intelligence,2,3.1,High,Short,Excellent,0-2 years,4,Winter,161,7184.990909090909,490.9,6872.5999999999985,14.0
CR00051,2025,1,10,378.9,HTML & CSS,Web Development,Paid,Advanced,37.89,24.11,1.3,TC00042,Yolanda Levine,Machine Learning,21,4.97,Low,Medium,Average,10+,1,Winter,0,0.0,0.0,7363.499999999998,15.0
CR00051,2025,2,15,568.35,HTML & CSS,Web Development,Paid,Advanced,37.89,24.11,1.3,TC00048,Theresa Gonzalez,Finance,7,3.18,Low,Medium,Average,6-10 years,1,Winter,10,378.9,37.89,4362.099999999998,13.5
CR00051,2025,3,24,909.36,HTML & CSS,Web Development,Paid,Advanced,37.89,24.11,1.3,TC00040,Kimberly Miller,Cybersecurity,24,4.58,Low,Medium,Average,10+,1,Spring,25,473.62500000000006,37.89000000000001,473.6249999999982,12.5
CR00051,2025,4,11,416.79,HTML & CSS,Web Development,Paid,Advanced,37.89,24.11,1.3,TC00042,Yolanda Levine,Machine Learning,21,4.97,Low,Medium,Average,10+,2,Spring,49,618.87,37.89,618.8699999999989,16.333333333333332
CR00051,2025,5,15,568.35,HTML & CSS,Web Development,Paid,Advanced,37.89,24.11,1.3,TC00042,Yolanda Levine,Machine Learning,21,4.97,Low,Medium,Average,10+,2,Spring,60,568.35,37.89,631.4999999999987,16.666666666666668
CR00051,2025,6,13,492.57,HTML & CSS,Web Development,Paid,Advanced,37.89,24.11,1.3,TC00040,Kimberly Miller,Cybersecurity,24,4.58,Low,Medium,Average,10+,2,Summer,75,568.35,37.89,631.4999999999987,16.666666666666668
CR00051,2025,7,14,530.46,HTML & CSS,Web Development,Paid,Advanced,37.89,24.11,1.3,TC00042,Yolanda Levine,Machine Learning,21,4.97,Low,Medium,Average,10+,3,Summer,88,555.7199999999999,37.88999999999999,492.5699999999988,13.0
CR00051,2025,8,14,530.46,HTML & CSS,Web Development,Paid,Advanced,37.89,24.11,1.3,TC00013,Brian Carrillo,Digital Marketing,6,3.42,Low,Medium,Average,6-10 years,3,Summer,102,552.1114285714285,37.89,530.4599999999988,14.0
CR00051,2025,9,13,492.57,HTML & CSS,Web Development,Paid,Advanced,37.89,24.11,1.3,TC00042,Yolanda Levine,Machine Learning,21,4.97,Low,Medium,Average,10+,3,Autumn,116,549.4050000000001,37.89000000000001,517.8299999999988,13.666666666666666
CR00051,2025,10,11,416.79,HTML & CSS,Web Development,Paid,Advanced,37.89,24.11,1.3,TC00040,Kimberly Miller,Cybersecurity,24,4.58,Low,Medium,Average,10+,4,Autumn,129,543.09,37.89,517.8299999999988,13.666666666666666
CR00051,2025,11,15,568.35,HTML & CSS,Web Development,Paid,Advanced,37.89,24.11,1.3,TC00040,Kimberly Miller,Cybersecurity,24,4.58,Low,Medium,Average,10+,4,Autumn,140,530.4599999999999,37.88999999999999,479.93999999999886,12.666666666666666
CR00051,2025,12,16,606.24,HTML & CSS,Web Development,Paid,Advanced,37.89,24.11,1.3,TC00042,Yolanda Levine,Machine Learning,21,4.97,Low,Medium,Average,10+,4,Winter,155,533.9045454545455,37.89000000000001,492.5699999999988,13.0
CR00052,2025,1,17,0.0,JavaScript Mastery,Web Development,Free,Beginner,0.0,40.76,2.2,TC00049,Valerie Wiley,Machine Learning,6,3.46,Free,Long,Average,6-10 years,1,Winter,0,0.0,0.0,492.56999999999823,13.0
CR00052,2025,2,14,0.0,JavaScript Mastery,Web Development,Free,Beginner,0.0,40.76,2.2,TC00042,Yolanda Levine,Machine Learning,21,4.97,Free,Long,Average,10+,1,Winter,17,0.0,0.0,284.1749999999982,16.0
CR00052,2025,3,13,0.0,JavaScript Mastery,Web Development,Free,Beginner,0.0,40.76,2.2,TC00040,Kimberly Miller,Cybersecurity,24,4.58,Free,Long,Average,10+,1,Spring,31,0.0,0.0,0.0,15.5
CR00052,2025,4,16,0.0,JavaScript Mastery,Web Development,Free,Beginner,0.0,40.76,2.2,TC00032,James Holder,Cybersecurity,1,3.11,Free,Long,Average,0-2 years,2,Spring,44,0.0,0.0,0.0,14.666666666666666
CR00052,2025,5,15,0.0,JavaScript Mastery,Web Development,Free,Beginner,0.0,40.76,2.2,TC00040,Kimberly Miller,Cybersecurity,24,4.58,Free,Long,Average,10+,2,Spring,60,0.0,0.0,0.0,14.333333333333334
CR00052,2025,6,13,0.0,JavaScript Mastery,Web Development,Free,Beginner,0.0,40.76,2.2,TC00042,Yolanda Levine,Machine Learning,21,4.97,Free,Long,Average,10+,2,Summer,75,0.0,0.0,0.0,14.666666666666666
CR00052,2025,7,11,0.0,JavaScript Mastery,Web Development,Free,Beginner,0.0,40.76,2.2,TC00040,Kimberly Miller,Cybersecurity,24,4.58,Free,Long,Average,10+,3,Summer,88,0.0,0.0,0.0,14.666666666666666
CR00052,2025,8,14,0.0,JavaScript Mastery,Web Development,Free,Beginner,0.0,40.76,2.2,TC00042,Yolanda Levine,Machine Learning,21,4.97,Free,Long,Average,10+,3,Summer,99,0.0,0.0,0.0,13.0
CR00052,2025,9,12,0.0,JavaScript Mastery,Web Development,Free,Beginner,0.0,40.76,2.2,TC00040,Kimberly Miller,Cybersecurity,24,4.58,Free,Long,Average,10+,3,Autumn,113,0.0,0.0,0.0,12.666666666666666
CR00052,2025,10,8,0.0,JavaScript Mastery,Web Development,Free,Beginner,0.0,40.76,2.2,TC00040,Kimberly Miller,Cybersecurity,24,4.58,Free,Long,Average,10+,4,Autumn,125,0.0,0.0,0.0,12.333333333333334
CR00052,2025,11,11,0.0,JavaScript Mastery,Web Development,Free,Beginner,0.0,40.76,2.2,TC00042,Yolanda Levine,Machine Learning,21,4.97,Free,Long,Average,10+,4,Autumn,133,0.0,0.0,0.0,11.333333333333334
CR00052,2025,12,10,0.0,JavaScript Mastery,Web Development,Free,Beginner,0.0,40.76,2.2,TC00015,John Armstrong,Data Science,7,3.07,Free,Long,Average,6-10 years,4,Winter,144,0.0,0.0,0.0,10.333333333333334
CR00053,2025,1,14,0.0,React for Beginners,Web Development,Free,Advanced,0.0,40.07,2.67,TC00040,Kimberly Miller,Cybersecurity,24,4.58,Free,Long,Average,10+,1,Winter,0,0.0,0.0,0.0,9.5
CR00053,2025,2,13,0.0,React for Beginners,Web Development,Free,Advanced,0.0,40.07,2.67,TC00042,Yolanda Levine,Machine Learning,21,4.97,Free,Long,Average,10+,1,Winter,14,0.0,0.0,0.0,12.5
CR00053,2025,3,19,0.0,React for Beginners,Web Development,Free,Advanced,0.0,40.07,2.67,TC00042,Yolanda Levine,Machine Learning,21,4.97,Free,Long,Average,10+,1,Spring,27,0.0,0.0,0.0,13.5
CR00053,2025,4,10,0.0,React for Beginners,Web Development,Free,Advanced,0.0,40.07,2.67,TC00042,Yolanda Levine,Machine Learning,21,4.97,Free,Long,Average,10+,2,Spring,46,0.0,0.0,0.0,15.333333333333334
CR00053,2025,5,13,0.0,React for Beginners,Web Development,Free,Advanced,0.0,40.07,2.67,TC00040,Kimberly Miller,Cybersecurity,24,4.58,Free,Long,Average,10+,2,Spring,56,0.0,0.0,0.0,14.0
CR00053,2025,6,12,0.0,React for Beginners,Web Development,Free,Advanced,0.0,40.07,2.67,TC00040,Kimberly Miller,Cybersecurity,24,4.58,Free,Long,Average,10+,2,Summer,69,0.0,0.0,0.0,14.0
CR00053,2025,7,12,0.0,React for Beginners,Web Development,Free,Advanced,0.0,40.07,2.67,TC00040,Kimberly Miller,Cybersecurity,24,4.58,Free,Long,Average,10+,3,Summer,81,0.0,0.0,0.0,11.666666666666666
CR00053,2025,8,16,0.0,React for Beginners,Web Development,Free,Advanced,0.0,40.07,2.67,TC00042,Yolanda Levine,Machine Learning,21,4.97,Free,Long,Average,10+,3,Summer,93,0.0,0.0,0.0,12.333333333333334
CR00053,2025,9,14,0.0,React for Beginners,Web Development,Free,Advanced,0.0,40.07,2.67,TC00042,Yolanda Levine,Machine Learning,21,4.97,Free,Long,Average,10+,3,Autumn,109,0.0,0.0,0.0,13.333333333333334
CR00053,2025,10,14,0.0,React for Beginners,Web Development,Free,Advanced,0.0,40.07,2.67,TC00040,Kimberly Miller,Cybersecurity,24,4.58,Free,Long,Average,10+,4,Autumn,123,0.0,0.0,0.0,14.0
CR00053,2025,11,12,0.0,React for Beginners,Web Development,Free,Advanced,0.0,40.07,2.67,TC00040,Kimberly Miller,Cybersecurity,24,4.58,Free,Long,Average,10+,4,Autumn,137,0.0,0.0,0.0,14.666666666666666
CR00053,2025,12,14,0.0,React for Beginners,Web Development,Free,Advanced,0.0,40.07,2.67,TC00040,Kimberly Miller,Cybersecurity,24,4.58,Free,Long,Average,10+,4,Winter,149,0.0,0.0,0.0,13.333333333333334
CR00054,2025,1,14,0.0,Backend Development with Node.js,Web Development,Free,Beginner,0.0,48.57,3.32,TC00042,Yolanda Levine,Machine Learning,21,4.97,Free,Long,Average,10+,1,Winter,0,0.0,0.0,0.0,13.0
CR00054,2025,2,11,0.0,Backend Development with Node.js,Web Development,Free,Beginner,0.0,48.57,3.32,TC00040,Kimberly Miller,Cybersecurity,24,4.58,Free,Long,Average,10+,1,Winter,14,0.0,0.0,0.0,13.0
CR00054,2025,3,13,0.0,Backend Development with Node.js,Web Development,Free,Beginner,0.0,48.57,3.32,TC00040,Kimberly Miller,Cybersecurity,24,4.58,Free,Long,Average,10+,1,Spring,25,0.0,0.0,0.0,12.5
CR00054,2025,4,16,0.0,Backend Development with Node.js,Web Development,Free,Beginner,0.0,48.57,3.32,TC00042,Yolanda Levine,Machine Learning,21,4.97,Free,Long,Average,10+,2,Spring,38,0.0,0.0,0.0,12.666666666666666
CR00054,2025,5,14,0.0,Backend Development with Node.js,Web Development,Free,Beginner,0.0,48.57,3.32,TC00042,Yolanda Levine,Machine Learning,21,4.97,Free,Long,Average,10+,2,Spring,54,0.0,0.0,0.0,13.333333333333334
CR00054,2025,6,14,0.0,Backend Development with Node.js,Web Development,Free,Beginner,0.0,48.57,3.32,TC00040,Kimberly Miller,Cybersecurity,24,4.58,Free,Long,Average,10+,2,Summer,68,0.0,0.0,0.0,14.333333333333334
CR00054,2025,7,12,0.0,Backend Development with Node.js,Web Development,Free,Beginner,0.0,48.57,3.32,TC00042,Yolanda Levine,Machine Learning,21,4.97,Free,Long,Average,10+,3,Summer,82,0.0,0.0,0.0,14.666666666666666
CR00054,2025,8,18,0.0,Backend Development with Node.js,Web Development,Free,Beginner,0.0,48.57,3.32,TC00040,Kimberly Miller,Cybersecurity,24,4.58,Free,Long,Average,10+,3,Summer,94,0.0,0.0,0.0,13.333333333333334
CR00054,2025,9,17,0.0,Backend Development with Node.js,Web Development,Free,Beginner,0.0,48.57,3.32,TC00042,Yolanda Levine,Machine Learning,21,4.97,Free,Long,Average,10+,3,Autumn,112,0.0,0.0,0.0,14.666666666666666
CR00054,2025,10,16,0.0,Backend Development with Node.js,Web Development,Free,Beginner,0.0,48.57,3.32,TC00040,Kimberly Miller,Cybersecurity,24,4.58,Free,Long,Average,10+,4,Autumn,129,0.0,0.0,0.0,15.666666666666666
CR00054,2025,11,16,0.0,Backend Development with Node.js,Web Development,Free,Beginner,0.0,48.57,3.32,TC00042,Yolanda Levine,Machine Learning,21,4.97,Free,Long,Average,10+,4,Autumn,145,0.0,0.0,0.0,17.0
CR00054,2025,12,17,0.0,Backend Development with Node.js,Web Development,Free,Beginner,0.0,48.57,3.32,TC00042,Yolanda Levine,Machine Learning,21,4.97,Free,Long,Average,10+,4,Winter,161,0.0,0.0,0.0,16.333333333333332
CR00055,2025,1,14,802.48,Full-Stack Web Development,Web Development,Paid,Advanced,57.32,43.95,4.74,TC00040,Kimberly Miller,Cybersecurity,24,4.58,Low,Long,Excellent,10+,1,Winter,0,0.0,0.0,0.0,16.0
CR00055,2025,2,10,573.2,Full-Stack Web Development,Web Development,Paid,Advanced,57.32,43.95,4.74,TC00040,Kimberly Miller,Cybersecurity,24,4.58,Low,Long,Excellent,10+,1,Winter,14,802.48,57.32,401.2399999999982,15.0
CR00055,2025,3,15,859.8,Full-Stack Web Development,Web Development,Paid,Advanced,57.32,43.95,4.74,TC00042,Yolanda Levine,Machine Learning,21,4.97,Low,Long,Excellent,10+,1,Spring,24,687.84,57.32,687.8399999999982,12.0
CR00055,2025,4,14,802.48,Full-Stack Web Development,Web Development,Paid,Advanced,57.32,43.95,4.74,TC00042,Yolanda Levine,Machine Learning,21,4.97,Low,Long,Excellent,10+,2,Spring,39,745.16,57.32,745.1599999999988,13.0
CR00055,2025,5,15,859.8,Full-Stack Web Development,Web Development,Paid,Advanced,57.32,43.95,4.74,TC00040,Kimberly Miller,Cybersecurity,24,4.58,Low,Long,Excellent,10+,2,Spring,53,759.49,57.32,745.1599999999988,13.0
CR00055,2025,6,22,1261.04,Full-Stack Web Development,Web Development,Paid,Advanced,57.32,43.95,4.74,TC00040,Kimberly Miller,Cybersecurity,24,4.58,Low,Long,Excellent,10+,2,Summer,68,779.552,57.32,840.6933333333321,14.666666666666666
CR00055,2025,7,10,573.2,Full-Stack Web Development,Web Development,Paid,Advanced,57.32,43.95,4.74,TC00040,Kimberly Miller,Cybersecurity,24,4.58,Low,Long,Excellent,10+,3,Summer,90,859.8000000000001,57.32,974.4399999999987,17.0
CR00055,2025,8,14,802.48,Full-Stack Web Development,Web Development,Paid,Advanced,57.32,43.95,4.74,TC00042,Yolanda Levine,Machine Learning,21,4.97,Low,Long,Excellent,10+,3,Summer,100,818.8571428571429,57.32,898.0133333333321,15.666666666666666
CR00055,2025,9,18,1031.76,Full-Stack Web Development,Web Development,Paid,Advanced,57.32,43.95,4.74,TC00042,Yolanda Levine,Machine Learning,21,4.97,Low,Long,Excellent,10+,3,Autumn,114,816.81,57.31999999999999,878.9066666666655,15.333333333333334
CR00055,2025,10,13,745.16,Full-Stack Web Development,Web Development,Paid,Advanced,57.32,43.95,4.74,TC00040,Kimberly Miller,Cybersecurity,24,4.58,Low,Long,Excellent,10+,4,Autumn,132,840.6933333333333,57.32,802.4799999999988,14.0
CR00055,2025,11,13,745.16,Full-Stack Web Development,Web Development,Paid,Advanced,57.32,43.95,4.74,TC00040,Kimberly Miller,Cybersecurity,24,4.58,Low,Long,Excellent,10+,4,Autumn,145,831.14,57.32,859.7999999999988,15.0
CR00055,2025,12,20,1146.4,Full-Stack Web Development,Web Development,Paid,Advanced,57.32,43.95,4.74,TC00040,Kimberly Miller,Cybersecurity,24,4.58,Low,Long,Excellent,10+,4,Winter,158,823.3236363636363,57.32,840.6933333333321,14.666666666666666
CR00056,2025,1,14,2973.46,Google Ads Mastery,Digital Marketing,Paid,Advanced,212.39,22.89,3.15,TC00042,Yolanda Levine,Machine Learning,21,4.97,Medium,Medium,Average,10+,1,Winter,0,0.0,0.0,745.16,13.0
CR00056,2025,2,8,1699.12,Google Ads Mastery,Digital Marketing,Paid,Advanced,212.39,22.89,3.15,TC00042,Yolanda Levine,Machine Learning,21,4.97,Medium,Medium,Average,10+,1,Winter,14,2973.46,212.39000000000001,1859.3099999999981,13.5
CR00056,2025,3,16,3398.24,Google Ads Mastery,Digital Marketing,Paid,Advanced,212.39,22.89,3.15,TC00040,Kimberly Miller,Cybersecurity,24,4.58,Medium,Medium,Average,10+,1,Spring,22,2336.29,212.39,2336.289999999998,11.0
CR00056,2025,4,12,2548.68,Google Ads Mastery,Digital Marketing,Paid,Advanced,212.39,22.89,3.15,TC00024,Michael Kim,Digital Marketing,6,4.22,Medium,Medium,Average,6-10 years,2,Spring,38,2690.273333333333,212.39,2690.273333333332,12.666666666666666
CR00056,2025,5,13,2761.0699999999997,Google Ads Mastery,Digital Marketing,Paid,Advanced,212.39,22.89,3.15,TC00013,Brian Carrillo,Digital Marketing,6,3.42,Medium,Medium,Average,6-10 years,2,Spring,50,2654.875,212.39,2548.6799999999985,12.0
CR00056,2025,6,19,4035.41,Google Ads Mastery,Digital Marketing,Paid,Advanced,212.39,22.89,3.15,TC00040,Kimberly Miller,Cybersecurity,24,4.58,Medium,Medium,Average,10+,2,Summer,63,2676.114,212.39,2902.663333333332,13.666666666666666
CR00056,2025,7,14,2973.46,Google Ads Mastery,Digital Marketing,Paid,Advanced,212.39,22.89,3.15,TC00040,Kimberly Miller,Cybersecurity,24,4.58,Medium,Medium,Average,10+,3,Summer,82,2902.6633333333334,212.39,3115.053333333332,14.666666666666666
CR00056,2025,8,7,1486.73,Google Ads Mastery,Digital Marketing,Paid,Advanced,212.39,22.89,3.15,TC00042,Yolanda Levine,Machine Learning,21,4.97,Medium,Medium,Average,10+,3,Summer,96,2912.7771428571427,212.39,3256.646666666665,15.333333333333334
CR00056,2025,9,12,2548.68,Google Ads Mastery,Digital Marketing,Paid,Advanced,212.39,22.89,3.15,TC00042,Yolanda Levine,Machine Learning,21,4.97,Medium,Medium,Average,10+,3,Autumn,103,2734.52125,212.39,2831.866666666665,13.333333333333334
CR00056,2025,10,11,2336.29,Google Ads Mastery,Digital Marketing,Paid,Advanced,212.39,22.89,3.15,TC00040,Kimberly Miller,Cybersecurity,24,4.58,Medium,Medium,Average,10+,4,Autumn,115,2713.8722222222223,212.39,2336.2899999999986,11.0
CR00056,2025,11,15,3185.85,Google Ads Mastery,Digital Marketing,Paid,Advanced,212.39,22.89,3.15,TC00040,Kimberly Miller,Cybersecurity,24,4.58,Medium,Medium,Average,10+,4,Autumn,126,2676.114,212.39,2123.8999999999987,10.0
CR00056,2025,12,7,1486.73,Google Ads Mastery,Digital Marketing,Paid,Advanced,212.39,22.89,3.15,TC00035,Sharon Jackson,Digital Marketing,5,3.13,Medium,Medium,Average,3-5 years,4,Winter,141,2722.453636363636,212.39,2690.273333333332,12.666666666666666
CR00057,2025,1,16,2837.44,SEO for E-commerce,Digital Marketing,Paid,Advanced,177.34,49.73,3.89,TC00042,Yolanda Levine,Machine Learning,21,4.97,Medium,Long,Average,10+,1,Winter,0,0.0,0.0,2761.0699999999983,13.0
CR00057,2025,2,9,1596.06,SEO for E-commerce,Digital Marketing,Paid,Advanced,177.34,49.73,3.89,TC00042,Yolanda Levine,Machine Learning,21,4.97,Medium,Long,Average,10+,1,Winter,16,2837.44,177.34,3011.644999999998,15.5
CR00057,2025,3,8,1418.72,SEO for E-commerce,Digital Marketing,Paid,Advanced,177.34,49.73,3.89,TC00040,Kimberly Miller,Cybersecurity,24,4.58,Medium,Long,Average,10+,1,Spring,25,2216.75,177.34,2216.749999999998,12.5
CR00057,2025,4,14,2482.76,SEO for E-commerce,Digital Marketing,Paid,Advanced,177.34,49.73,3.89,TC00040,Kimberly Miller,Cybersecurity,24,4.58,Medium,Long,Average,10+,2,Spring,33,1950.7399999999998,177.33999999999997,1950.7399999999989,11.0
CR00057,2025,5,14,2482.76,SEO for E-commerce,Digital Marketing,Paid,Advanced,177.34,49.73,3.89,TC00040,Kimberly Miller,Cybersecurity,24,4.58,Medium,Long,Average,10+,2,Spring,47,2083.7450000000003,177.34000000000003,1832.5133333333324,10.333333333333334
CR00057,2025,6,18,3192.12,SEO for E-commerce,Digital Marketing,Paid,Advanced,177.34,49.73,3.89,TC00042,Yolanda Levine,Machine Learning,21,4.97,Medium,Long,Average,10+,2,Summer,61,2163.5480000000002,177.34000000000003,2128.079999999999,12.0
CR00057,2025,7,13,2305.42,SEO for E-commerce,Digital Marketing,Paid,Advanced,177.34,49.73,3.89,TC00042,Yolanda Levine,Machine Learning,21,4.97,Medium,Long,Average,10+,3,Summer,79,2334.976666666667,177.34,2719.2133333333322,15.333333333333334
CR00057,2025,8,12,2128.08,SEO for E-commerce,Digital Marketing,Paid,Advanced,177.34,49.73,3.89,TC00040,Kimberly Miller,Cybersecurity,24,4.58,Medium,Long,Average,10+,3,Summer,92,2330.7542857142857,177.34,2660.099999999999,15.0
CR00057,2025,9,14,2482.76,SEO for E-commerce,Digital Marketing,Paid,Advanced,177.34,49.73,3.89,TC00040,Kimberly Miller,Cybersecurity,24,4.58,Medium,Long,Average,10+,3,Autumn,104,2305.42,177.34,2541.873333333332,14.333333333333334
CR00057,2025,10,4,709.36,SEO for E-commerce,Digital Marketing,Paid,Advanced,177.34,49.73,3.89,TC00017,Brian Perez,Digital Marketing,4,2.33,Medium,Long,Average,3-5 years,4,Autumn,118,2325.124444444444,177.34,2305.4199999999987,13.0
CR00057,2025,11,12,2128.08,SEO for E-commerce,Digital Marketing,Paid,Advanced,177.34,49.73,3.89,TC00042,Yolanda Levine,Machine Learning,21,4.97,Medium,Long,Average,10+,4,Autumn,122,2163.5480000000002,177.34000000000003,1773.3999999999987,10.0
CR00057,2025,12,6,1064.04,SEO for E-commerce,Digital Marketing,Paid,Advanced,177.34,49.73,3.89,TC00040,Kimberly Miller,Cybersecurity,24,4.58,Medium,Long,Average,10+,4,Winter,134,2160.3236363636365,177.34,1773.399999999999,10.0
CR00058,2025,1,15,0.0,Social Media Strategy,Digital Marketing,Free,Beginner,0.0,1.46,4.44,TC00042,Yolanda Levine,Machine Learning,21,4.97,Free,Short,Good,10+,1,Winter,0,0.0,0.0,1418.7199999999984,8.0
CR00058,2025,2,15,0.0,Social Media Strategy,Digital Marketing,Free,Beginner,0.0,1.46,4.44,TC00040,Kimberly Miller,Cybersecurity,24,4.58,Free,Short,Good,10+,1,Winter,15,0.0,0.0,1064.0399999999981,13.5
CR00058,2025,3,16,0.0,Social Media Strategy,Digital Marketing,Free,Beginner,0.0,1.46,4.44,TC00040,Kimberly Miller,Cybersecurity,24,4.58,Free,Short,Good,10+,1,Spring,30,0.0,0.0,0.0,15.0
CR00058,2025,4,19,0.0,Social Media Strategy,Digital Marketing,Free,Beginner,0.0,1.46,4.44,TC00040,Kimberly Miller,Cybersecurity,24,4.58,Free,Short,Good,10+,2,Spring,46,0.0,0.0,0.0,15.333333333333334
CR00058,2025,5,12,0.0,Social Media Strategy,Digital Marketing,Free,Beginner,0.0,1.46,4.44,TC00050,Alexander Williams,Digital Marketing,3,3.41,Free,Short,Good,3-5 years,2,Spring,65,0.0,0.0,0.0,16.666666666666668
CR00058,2025,6,17,0.0,Social Media Strategy,Digital Marketing,Free,Beginner,0.0,1.46,4.44,TC00040,Kimberly Miller,Cybersecurity,24,4.58,Free,Short,Good,10+,2,Summer,77,0.0,0.0,0.0,15.666666666666666
CR00058,2025,7,10,0.0,Social Media Strategy,Digital Marketing,Free,Beginner,0.0,1.46,4.44,TC00020,Tara Reynolds,Digital Marketing,10,3.23,Free,Short,Good,6-10 years,3,Summer,94,0.0,0.0,0.0,16.0
CR00058,2025,8,19,0.0,Social Media Strategy,Digital Marketing,Free,Beginner,0.0,1.46,4.44,TC00042,Yolanda Levine,Machine Learning,21,4.97,Free,Short,Good,10+,3,Summer,104,0.0,0.0,0.0,13.0
CR00058,2025,9,17,0.0,Social Media Strategy,Digital Marketing,Free,Beginner,0.0,1.46,4.44,TC00040,Kimberly Miller,Cybersecurity,24,4.58,Free,Short,Good,10+,3,Autumn,123,0.0,0.0,0.0,15.333333333333334
CR00058,2025,10,18,0.0,Social Media Strategy,Digital Marketing,Free,Beginner,0.0,1.46,4.44,TC00042,Yolanda Levine,Machine Learning,21,4.97,Free,Short,Good,10+,4,Autumn,140,0.0,0.0,0.0,15.333333333333334
CR00058,2025,11,23,0.0,Social Media Strategy,Digital Marketing,Free,Beginner,0.0,1.46,4.44,TC00042,Yolanda Levine,Machine Learning,21,4.97,Free,Short,Good,10+,4,Autumn,158,0.0,0.0,0.0,18.0
CR00058,2025,12,13,0.0,Social Media Strategy,Digital Marketing,Free,Beginner,0.0,1.46,4.44,TC00042,Yolanda Levine,Machine Learning,21,4.97,Free,Short,Good,10+,4,Winter,181,0.0,0.0,0.0,19.333333333333332
CR00059,2025,1,14,0.0,Affiliate Marketing,Digital Marketing,Free,Intermediate,0.0,5.95,4.66,TC00040,Kimberly Miller,Cybersecurity,24,4.58,Free,Short,Excellent,10+,1,Winter,0,0.0,0.0,0.0,20.5
CR00059,2025,2,17,0.0,Affiliate Marketing,Digital Marketing,Free,Intermediate,0.0,5.95,4.66,TC00042,Yolanda Levine,Machine Learning,21,4.97,Free,Short,Excellent,10+,1,Winter,14,0.0,0.0,0.0,18.5
CR00059,2025,3,25,0.0,Affiliate Marketing,Digital Marketing,Free,Intermediate,0.0,5.95,4.66,TC00042,Yolanda Levine,Machine Learning,21,4.97,Free,Short,Excellent,10+,1,Spring,31,0.0,0.0,0.0,15.5
CR00059,2025,4,12,0.0,Affiliate Marketing,Digital Marketing,Free,Intermediate,0.0,5.95,4.66,TC00042,Yolanda Levine,Machine Learning,21,4.97,Free,Short,Excellent,10+,2,Spring,56,0.0,0.0,0.0,18.666666666666668
CR00059,2025,5,12,0.0,Affiliate Marketing,Digital Marketing,Free,Intermediate,0.0,5.95,4.66,TC00042,Yolanda Levine,Machine Learning,21,4.97,Free,Short,Excellent,10+,2,Spring,68,0.0,0.0,0.0,18.0
CR00059,2025,6,11,0.0,Affiliate Marketing,Digital Marketing,Free,Intermediate,0.0,5.95,4.66,TC00036,Brenda Mclean,Digital Marketing,4,1.39,Free,Short,Excellent,3-5 years,2,Summer,80,0.0,0.0,0.0,16.333333333333332
CR00059,2025,7,9,0.0,Affiliate Marketing,Digital Marketing,Free,Intermediate,0.0,5.95,4.66,TC00019,Tommy Haynes,Digital Marketing,8,3.4,Free,Short,Excellent,6-10 years,3,Summer,91,0.0,0.0,0.0,11.666666666666666
CR00059,2025,8,19,0.0,Affiliate Marketing,Digital Marketing,Free,Intermediate,0.0,5.95,4.66,TC00040,Kimberly Miller,Cybersecurity,24,4.58,Free,Short,Excellent,10+,3,Summer,100,0.0,0.0,0.0,10.666666666666666
CR00059,2025,9,13,0.0,Affiliate Marketing,Digital Marketing,Free,Intermediate,0.0,5.95,4.66,TC00035,Sharon Jackson,Digital Marketing,5,3.13,Free,Short,Excellent,3-5 years,3,Autumn,119,0.0,0.0,0.0,13.0
CR00059,2025,10,4,0.0,Affiliate Marketing,Digital Marketing,Free,Intermediate,0.0,5.95,4.66,TC00038,Jeffrey Clark,Digital Marketing,1,2.38,Free,Short,Excellent,0-2 years,4,Autumn,132,0.0,0.0,0.0,13.666666666666666
CR00059,2025,11,13,0.0,Affiliate Marketing,Digital Marketing,Free,Intermediate,0.0,5.95,4.66,TC00040,Kimberly Miller,Cybersecurity,24,4.58,Free,Short,Excellent,10+,4,Autumn,136,0.0,0.0,0.0,12.0
CR00059,2025,12,12,0.0,Affiliate Marketing,Digital Marketing,Free,Intermediate,0.0,5.95,4.66,TC00042,Yolanda Levine,Machine Learning,21,4.97,Free,Short,Excellent,10+,4,Winter,149,0.0,0.0,0.0,10.0
CR00060,2025,1,6,0.0,Content Creation,Digital Marketing,Free,Beginner,0.0,8.95,2.14,TC00042,Yolanda Levine,Machine Learning,21,4.97,Free,Short,Average,10+,1,Winter,0,0.0,0.0,0.0,8.5
CR00060,2025,2,20,0.0,Content Creation,Digital Marketing,Free,Beginner,0.0,8.95,2.14,TC00042,Yolanda Levine,Machine Learning,21,4.97,Free,Short,Average,10+,1,Winter,6,0.0,0.0,0.0,9.5
CR00060,2025,3,13,0.0,Content Creation,Digital Marketing,Free,Beginner,0.0,8.95,2.14,TC00040,Kimberly Miller,Cybersecurity,24,4.58,Free,Short,Average,10+,1,Spring,26,0.0,0.0,0.0,13.0
CR00060,2025,4,11,0.0,Content Creation,Digital Marketing,Free,Beginner,0.0,8.95,2.14,TC00042,Yolanda Levine,Machine Learning,21,4.97,Free,Short,Average,10+,2,Spring,39,0.0,0.0,0.0,13.0
CR00060,2025,5,11,0.0,Content Creation,Digital Marketing,Free,Beginner,0.0,8.95,2.14,TC00040,Kimberly Miller,Cybersecurity,24,4.58,Free,Short,Average,10+,2,Spring,50,0.0,0.0,0.0,14.666666666666666
CR00060,2025,6,19,0.0,Content Creation,Digital Marketing,Free,Beginner,0.0,8.95,2.14,TC00042,Yolanda Levine,Machine Learning,21,4.97,Free,Short,Average,10+,2,Summer,61,0.0,0.0,0.0,11.666666666666666
CR00060,2025,7,11,0.0,Content Creation,Digital Marketing,Free,Beginner,0.0,8.95,2.14,TC00042,Yolanda Levine,Machine Learning,21,4.97,Free,Short,Average,10+,3,Summer,80,0.0,0.0,0.0,13.666666666666666
CR00060,2025,8,13,0.0,Content Creation,Digital Marketing,Free,Beginner,0.0,8.95,2.14,TC00042,Yolanda Levine,Machine Learning,21,4.97,Free,Short,Average,10+,3,Summer,91,0.0,0.0,0.0,13.666666666666666
CR00060,2025,9,13,0.0,Content Creation,Digital Marketing,Free,Beginner,0.0,8.95,2.14,TC00042,Yolanda Levine,Machine Learning,21,4.97,Free,Short,Average,10+,3,Autumn,104,0.0,0.0,0.0,14.333333333333334
CR00060,2025,10,15,0.0,Content Creation,Digital Marketing,Free,Beginner,0.0,8.95,2.14,TC00040,Kimberly Miller,Cybersecurity,24,4.58,Free,Short,Average,10+,4,Autumn,117,0.0,0.0,0.0,12.333333333333334
CR00060,2025,11,12,0.0,Content Creation,Digital Marketing,Free,Beginner,0.0,8.95,2.14,TC00042,Yolanda Levine,Machine Learning,21,4.97,Free,Short,Average,10+,4,Autumn,132,0.0,0.0,0.0,13.666666666666666
CR00060,2025,12,21,0.0,Content Creation,Digital Marketing,Free,Beginner,0.0,8.95,2.14,TC00042,Yolanda Levine,Machine Learning,21,4.97,Free,Short,Average,10+,4,Winter,144,0.0,0.0,0.0,13.333333333333334
